ISO-10303-21;
HEADER;
/*Generated by software containing ST-Developer
 * from STEP Tools, Inc. (www.steptools.com) 
 */
/*OPTION: using custom renumber hook */
/*description */
/*implementation_level */
FILE_DESCRIPTION(('STEP AP242 Edition 2','STEP AP242 Edition 2''CAx-IF Rec.Pracs.---Representation and Presentation of Product Manufa
cturing Information (PMI)---4.0---2014-10-13','STEP AP242 Edition 2''CAx-IF Rec.Pracs.---Representation and Presentation of Product Manufa
cturing Information (PMI)---4.0---2014-10-13''CAx-IF Rec.Pracs.---3D Tessellated Geometry---0.4---2014-09-14','STEP AP242 Edition 2''CAx-IF Rec.Pracs.---Representation and Presentation of Product Manufa
cturing Information (PMI)---4.0---2014-10-13''CAx-IF Rec.Pracs.---3D Tessellated Geometry---0.4---2014-09-14''2;1','STEP AP242 Edition 2''CAx-IF Rec.Pracs.---Representation and Presentation of Product Manufa
cturing Information (PMI)---4.0---2014-10-13''CAx-IF Rec.Pracs.---3D Tessellated Geometry---0.4---2014-09-14''2;1''CAx-IF Rec.Pracs.---User Defined Attributes---1.5---2016-08-15'),'2;1');
/*name */
/*time_stamp */
/*author */
/*organization */
/*preprocessor_version */
/*originating_system */
/*authorisation */
FILE_NAME('/vol/tmp/translate-16978001215210348509/69accd954a02a8bdbcefd8df.step','2026-03-08T01:15:02',(''),(''),'ST-DEVELOPER v20','ONSHAPE BY PTC INC, 1.211','  ');
FILE_SCHEMA(('AP242_MANAGED_MODEL_BASED_3D_ENGINEERING_MIM_LF { 1 0 10303 442 3 1 4 }'));
ENDSEC;
DATA;
#10=CYLINDRICAL_SURFACE('',#2852,0.000254);
#11=CYLINDRICAL_SURFACE('',#2853,0.000254);
#12=CYLINDRICAL_SURFACE('',#2854,0.000254);
#13=CYLINDRICAL_SURFACE('',#2855,0.000254);
#14=CYLINDRICAL_SURFACE('',#2856,0.000254);
#15=CYLINDRICAL_SURFACE('',#2857,0.000254);
#16=CYLINDRICAL_SURFACE('',#2873,0.0006604);
#17=CYLINDRICAL_SURFACE('',#2874,0.0006604);
#18=CYLINDRICAL_SURFACE('',#2875,0.0006604);
#19=CYLINDRICAL_SURFACE('',#2882,0.0006604);
#20=CYLINDRICAL_SURFACE('',#2883,0.0006604);
#21=CYLINDRICAL_SURFACE('',#2884,0.0006604);
#22=CIRCLE('',#2811,0.0006604);
#23=CIRCLE('',#2812,0.000254);
#24=CIRCLE('',#2814,0.000254);
#25=CIRCLE('',#2815,0.0006604);
#26=CIRCLE('',#2817,0.000254);
#27=CIRCLE('',#2818,0.0006604);
#28=CIRCLE('',#2820,0.0006604);
#29=CIRCLE('',#2821,0.000254);
#30=CIRCLE('',#2823,0.0006604);
#31=CIRCLE('',#2824,0.000254);
#32=CIRCLE('',#2826,0.000254);
#33=CIRCLE('',#2827,0.0006604);
#34=CIRCLE('',#2829,0.0006604);
#35=CIRCLE('',#2830,0.000254);
#36=CIRCLE('',#2832,0.000254);
#37=CIRCLE('',#2833,0.0006604);
#38=CIRCLE('',#2835,0.000254);
#39=CIRCLE('',#2836,0.0006604);
#40=CIRCLE('',#2837,0.0006604);
#41=CIRCLE('',#2838,0.000254);
#42=CIRCLE('',#2840,0.000254);
#43=CIRCLE('',#2841,0.0006604);
#44=CIRCLE('',#2842,0.0006604);
#45=CIRCLE('',#2843,0.000254);
#46=COLOUR_RGB('',0.690196078431373,0.690196078431373,0.690196078431373);
#47=CONTEXT_DEPENDENT_SHAPE_REPRESENTATION(#53,#4399);
#48=CONTEXT_DEPENDENT_SHAPE_REPRESENTATION(#54,#4401);
#49=CONTEXT_DEPENDENT_SHAPE_REPRESENTATION(#55,#4403);
#50=NEXT_ASSEMBLY_USAGE_OCCURRENCE('NAUO1','SHF-First_Position_Indicator','SHF-First_Position_Indicator',#4404,#4405,'');
#51=NEXT_ASSEMBLY_USAGE_OCCURRENCE('NAUO2','SHF-103-01-D_header','SHF-103-01-D_header',#4404,#4406,'');
#52=NEXT_ASSEMBLY_USAGE_OCCURRENCE('NAUO3','T-1S71-02-03-D-SM','T-1S71-02-03-D-SM',#4404,#4407,'');
#53=(
REPRESENTATION_RELATIONSHIP(' ',' ',#2754,#2753)
REPRESENTATION_RELATIONSHIP_WITH_TRANSFORMATION(#56)
SHAPE_REPRESENTATION_RELATIONSHIP()
);
#54=(
REPRESENTATION_RELATIONSHIP(' ',' ',#2755,#2753)
REPRESENTATION_RELATIONSHIP_WITH_TRANSFORMATION(#57)
SHAPE_REPRESENTATION_RELATIONSHIP()
);
#55=(
REPRESENTATION_RELATIONSHIP(' ',' ',#2756,#2753)
REPRESENTATION_RELATIONSHIP_WITH_TRANSFORMATION(#58)
SHAPE_REPRESENTATION_RELATIONSHIP()
);
#56=ITEM_DEFINED_TRANSFORMATION(' ',' ',#2757,#2766);
#57=ITEM_DEFINED_TRANSFORMATION(' ',' ',#2757,#2801);
#58=ITEM_DEFINED_TRANSFORMATION(' ',' ',#2757,#2920);
#59=SHAPE_REPRESENTATION_RELATIONSHIP('','',#2754,#62);
#60=SHAPE_REPRESENTATION_RELATIONSHIP('','',#2755,#63);
#61=SHAPE_REPRESENTATION_RELATIONSHIP('','',#2756,#64);
#62=ADVANCED_BREP_SHAPE_REPRESENTATION('',(#2746),#4387);
#63=ADVANCED_BREP_SHAPE_REPRESENTATION('',(#2747),#4388);
#64=ADVANCED_BREP_SHAPE_REPRESENTATION('',(#2748),#4389);
#65=ORIENTED_EDGE('',*,*,#831,.T.);
#66=ORIENTED_EDGE('',*,*,#832,.T.);
#67=ORIENTED_EDGE('',*,*,#833,.T.);
#68=ORIENTED_EDGE('',*,*,#834,.T.);
#69=ORIENTED_EDGE('',*,*,#833,.F.);
#70=ORIENTED_EDGE('',*,*,#835,.F.);
#71=ORIENTED_EDGE('',*,*,#836,.F.);
#72=ORIENTED_EDGE('',*,*,#835,.T.);
#73=ORIENTED_EDGE('',*,*,#832,.F.);
#74=ORIENTED_EDGE('',*,*,#837,.F.);
#75=ORIENTED_EDGE('',*,*,#838,.F.);
#76=ORIENTED_EDGE('',*,*,#839,.F.);
#77=ORIENTED_EDGE('',*,*,#840,.F.);
#78=ORIENTED_EDGE('',*,*,#841,.F.);
#79=ORIENTED_EDGE('',*,*,#842,.F.);
#80=ORIENTED_EDGE('',*,*,#843,.F.);
#81=ORIENTED_EDGE('',*,*,#840,.T.);
#82=ORIENTED_EDGE('',*,*,#844,.T.);
#83=ORIENTED_EDGE('',*,*,#845,.F.);
#84=ORIENTED_EDGE('',*,*,#846,.F.);
#85=ORIENTED_EDGE('',*,*,#841,.T.);
#86=ORIENTED_EDGE('',*,*,#843,.T.);
#87=ORIENTED_EDGE('',*,*,#836,.T.);
#88=ORIENTED_EDGE('',*,*,#838,.T.);
#89=ORIENTED_EDGE('',*,*,#847,.T.);
#90=ORIENTED_EDGE('',*,*,#845,.T.);
#91=ORIENTED_EDGE('',*,*,#842,.T.);
#92=ORIENTED_EDGE('',*,*,#848,.T.);
#93=ORIENTED_EDGE('',*,*,#847,.F.);
#94=ORIENTED_EDGE('',*,*,#837,.T.);
#95=ORIENTED_EDGE('',*,*,#831,.F.);
#96=ORIENTED_EDGE('',*,*,#834,.F.);
#97=ORIENTED_EDGE('',*,*,#848,.F.);
#98=ORIENTED_EDGE('',*,*,#844,.F.);
#99=ORIENTED_EDGE('',*,*,#839,.T.);
#100=ORIENTED_EDGE('',*,*,#846,.T.);
#101=ORIENTED_EDGE('',*,*,#849,.T.);
#102=ORIENTED_EDGE('',*,*,#850,.F.);
#103=ORIENTED_EDGE('',*,*,#851,.F.);
#104=ORIENTED_EDGE('',*,*,#852,.T.);
#105=ORIENTED_EDGE('',*,*,#853,.T.);
#106=ORIENTED_EDGE('',*,*,#852,.F.);
#107=ORIENTED_EDGE('',*,*,#854,.F.);
#108=ORIENTED_EDGE('',*,*,#855,.F.);
#109=ORIENTED_EDGE('',*,*,#856,.F.);
#110=ORIENTED_EDGE('',*,*,#850,.T.);
#111=ORIENTED_EDGE('',*,*,#857,.T.);
#112=ORIENTED_EDGE('',*,*,#858,.F.);
#113=ORIENTED_EDGE('',*,*,#859,.T.);
#114=ORIENTED_EDGE('',*,*,#860,.F.);
#115=ORIENTED_EDGE('',*,*,#861,.F.);
#116=ORIENTED_EDGE('',*,*,#862,.T.);
#117=ORIENTED_EDGE('',*,*,#863,.T.);
#118=ORIENTED_EDGE('',*,*,#862,.F.);
#119=ORIENTED_EDGE('',*,*,#864,.F.);
#120=ORIENTED_EDGE('',*,*,#865,.T.);
#121=ORIENTED_EDGE('',*,*,#866,.T.);
#122=ORIENTED_EDGE('',*,*,#867,.F.);
#123=ORIENTED_EDGE('',*,*,#868,.F.);
#124=ORIENTED_EDGE('',*,*,#869,.T.);
#125=ORIENTED_EDGE('',*,*,#870,.T.);
#126=ORIENTED_EDGE('',*,*,#869,.F.);
#127=ORIENTED_EDGE('',*,*,#871,.F.);
#128=ORIENTED_EDGE('',*,*,#872,.T.);
#129=ORIENTED_EDGE('',*,*,#873,.T.);
#130=ORIENTED_EDGE('',*,*,#874,.T.);
#131=ORIENTED_EDGE('',*,*,#875,.T.);
#132=ORIENTED_EDGE('',*,*,#876,.T.);
#133=ORIENTED_EDGE('',*,*,#877,.T.);
#134=ORIENTED_EDGE('',*,*,#878,.F.);
#135=ORIENTED_EDGE('',*,*,#876,.F.);
#136=ORIENTED_EDGE('',*,*,#879,.T.);
#137=ORIENTED_EDGE('',*,*,#880,.T.);
#138=ORIENTED_EDGE('',*,*,#879,.F.);
#139=ORIENTED_EDGE('',*,*,#875,.F.);
#140=ORIENTED_EDGE('',*,*,#881,.T.);
#141=ORIENTED_EDGE('',*,*,#882,.T.);
#142=ORIENTED_EDGE('',*,*,#881,.F.);
#143=ORIENTED_EDGE('',*,*,#874,.F.);
#144=ORIENTED_EDGE('',*,*,#883,.T.);
#145=ORIENTED_EDGE('',*,*,#884,.T.);
#146=ORIENTED_EDGE('',*,*,#883,.F.);
#147=ORIENTED_EDGE('',*,*,#873,.F.);
#148=ORIENTED_EDGE('',*,*,#878,.T.);
#149=ORIENTED_EDGE('',*,*,#885,.T.);
#150=ORIENTED_EDGE('',*,*,#886,.T.);
#151=ORIENTED_EDGE('',*,*,#887,.T.);
#152=ORIENTED_EDGE('',*,*,#888,.T.);
#153=ORIENTED_EDGE('',*,*,#889,.F.);
#154=ORIENTED_EDGE('',*,*,#887,.F.);
#155=ORIENTED_EDGE('',*,*,#890,.T.);
#156=ORIENTED_EDGE('',*,*,#891,.T.);
#157=ORIENTED_EDGE('',*,*,#890,.F.);
#158=ORIENTED_EDGE('',*,*,#886,.F.);
#159=ORIENTED_EDGE('',*,*,#892,.T.);
#160=ORIENTED_EDGE('',*,*,#877,.F.);
#161=ORIENTED_EDGE('',*,*,#893,.F.);
#162=ORIENTED_EDGE('',*,*,#894,.T.);
#163=ORIENTED_EDGE('',*,*,#895,.T.);
#164=ORIENTED_EDGE('',*,*,#880,.F.);
#165=ORIENTED_EDGE('',*,*,#896,.F.);
#166=ORIENTED_EDGE('',*,*,#897,.T.);
#167=ORIENTED_EDGE('',*,*,#893,.T.);
#168=ORIENTED_EDGE('',*,*,#882,.F.);
#169=ORIENTED_EDGE('',*,*,#898,.F.);
#170=ORIENTED_EDGE('',*,*,#899,.T.);
#171=ORIENTED_EDGE('',*,*,#896,.T.);
#172=ORIENTED_EDGE('',*,*,#884,.F.);
#173=ORIENTED_EDGE('',*,*,#895,.F.);
#174=ORIENTED_EDGE('',*,*,#900,.T.);
#175=ORIENTED_EDGE('',*,*,#898,.T.);
#176=ORIENTED_EDGE('',*,*,#901,.T.);
#177=ORIENTED_EDGE('',*,*,#902,.T.);
#178=ORIENTED_EDGE('',*,*,#903,.F.);
#179=ORIENTED_EDGE('',*,*,#860,.T.);
#180=ORIENTED_EDGE('',*,*,#904,.T.);
#181=ORIENTED_EDGE('',*,*,#905,.T.);
#182=ORIENTED_EDGE('',*,*,#906,.T.);
#183=ORIENTED_EDGE('',*,*,#907,.T.);
#184=ORIENTED_EDGE('',*,*,#908,.F.);
#185=ORIENTED_EDGE('',*,*,#872,.F.);
#186=ORIENTED_EDGE('',*,*,#909,.F.);
#187=ORIENTED_EDGE('',*,*,#910,.F.);
#188=ORIENTED_EDGE('',*,*,#911,.F.);
#189=ORIENTED_EDGE('',*,*,#912,.F.);
#190=ORIENTED_EDGE('',*,*,#913,.F.);
#191=ORIENTED_EDGE('',*,*,#914,.F.);
#192=ORIENTED_EDGE('',*,*,#905,.F.);
#193=ORIENTED_EDGE('',*,*,#915,.F.);
#194=ORIENTED_EDGE('',*,*,#914,.T.);
#195=ORIENTED_EDGE('',*,*,#916,.T.);
#196=ORIENTED_EDGE('',*,*,#859,.F.);
#197=ORIENTED_EDGE('',*,*,#863,.F.);
#198=ORIENTED_EDGE('',*,*,#917,.F.);
#199=ORIENTED_EDGE('',*,*,#866,.F.);
#200=ORIENTED_EDGE('',*,*,#870,.F.);
#201=ORIENTED_EDGE('',*,*,#908,.T.);
#202=ORIENTED_EDGE('',*,*,#915,.T.);
#203=ORIENTED_EDGE('',*,*,#904,.F.);
#204=ORIENTED_EDGE('',*,*,#906,.F.);
#205=ORIENTED_EDGE('',*,*,#916,.F.);
#206=ORIENTED_EDGE('',*,*,#913,.T.);
#207=ORIENTED_EDGE('',*,*,#918,.T.);
#208=ORIENTED_EDGE('',*,*,#910,.T.);
#209=ORIENTED_EDGE('',*,*,#919,.F.);
#210=ORIENTED_EDGE('',*,*,#920,.F.);
#211=ORIENTED_EDGE('',*,*,#921,.F.);
#212=ORIENTED_EDGE('',*,*,#891,.F.);
#213=ORIENTED_EDGE('',*,*,#922,.T.);
#214=ORIENTED_EDGE('',*,*,#923,.T.);
#215=ORIENTED_EDGE('',*,*,#924,.T.);
#216=ORIENTED_EDGE('',*,*,#907,.F.);
#217=ORIENTED_EDGE('',*,*,#918,.F.);
#218=ORIENTED_EDGE('',*,*,#912,.T.);
#219=ORIENTED_EDGE('',*,*,#925,.T.);
#220=ORIENTED_EDGE('',*,*,#926,.T.);
#221=ORIENTED_EDGE('',*,*,#927,.T.);
#222=ORIENTED_EDGE('',*,*,#888,.F.);
#223=ORIENTED_EDGE('',*,*,#920,.T.);
#224=ORIENTED_EDGE('',*,*,#928,.F.);
#225=ORIENTED_EDGE('',*,*,#926,.F.);
#226=ORIENTED_EDGE('',*,*,#929,.T.);
#227=ORIENTED_EDGE('',*,*,#925,.F.);
#228=ORIENTED_EDGE('',*,*,#911,.T.);
#229=ORIENTED_EDGE('',*,*,#921,.T.);
#230=ORIENTED_EDGE('',*,*,#929,.F.);
#231=ORIENTED_EDGE('',*,*,#930,.F.);
#232=ORIENTED_EDGE('',*,*,#855,.T.);
#233=ORIENTED_EDGE('',*,*,#931,.T.);
#234=ORIENTED_EDGE('',*,*,#932,.T.);
#235=ORIENTED_EDGE('',*,*,#933,.T.);
#236=ORIENTED_EDGE('',*,*,#857,.F.);
#237=ORIENTED_EDGE('',*,*,#849,.F.);
#238=ORIENTED_EDGE('',*,*,#853,.F.);
#239=ORIENTED_EDGE('',*,*,#930,.T.);
#240=ORIENTED_EDGE('',*,*,#934,.T.);
#241=ORIENTED_EDGE('',*,*,#901,.F.);
#242=ORIENTED_EDGE('',*,*,#924,.F.);
#243=ORIENTED_EDGE('',*,*,#900,.F.);
#244=ORIENTED_EDGE('',*,*,#894,.F.);
#245=ORIENTED_EDGE('',*,*,#897,.F.);
#246=ORIENTED_EDGE('',*,*,#899,.F.);
#247=ORIENTED_EDGE('',*,*,#851,.T.);
#248=ORIENTED_EDGE('',*,*,#856,.T.);
#249=ORIENTED_EDGE('',*,*,#935,.F.);
#250=ORIENTED_EDGE('',*,*,#922,.F.);
#251=ORIENTED_EDGE('',*,*,#892,.F.);
#252=ORIENTED_EDGE('',*,*,#885,.F.);
#253=ORIENTED_EDGE('',*,*,#889,.T.);
#254=ORIENTED_EDGE('',*,*,#927,.F.);
#255=ORIENTED_EDGE('',*,*,#928,.T.);
#256=ORIENTED_EDGE('',*,*,#919,.T.);
#257=ORIENTED_EDGE('',*,*,#909,.T.);
#258=ORIENTED_EDGE('',*,*,#871,.T.);
#259=ORIENTED_EDGE('',*,*,#868,.T.);
#260=ORIENTED_EDGE('',*,*,#936,.T.);
#261=ORIENTED_EDGE('',*,*,#864,.T.);
#262=ORIENTED_EDGE('',*,*,#861,.T.);
#263=ORIENTED_EDGE('',*,*,#903,.T.);
#264=ORIENTED_EDGE('',*,*,#937,.T.);
#265=ORIENTED_EDGE('',*,*,#931,.F.);
#266=ORIENTED_EDGE('',*,*,#854,.T.);
#267=ORIENTED_EDGE('',*,*,#917,.T.);
#268=ORIENTED_EDGE('',*,*,#865,.F.);
#269=ORIENTED_EDGE('',*,*,#936,.F.);
#270=ORIENTED_EDGE('',*,*,#867,.T.);
#271=ORIENTED_EDGE('',*,*,#937,.F.);
#272=ORIENTED_EDGE('',*,*,#902,.F.);
#273=ORIENTED_EDGE('',*,*,#934,.F.);
#274=ORIENTED_EDGE('',*,*,#932,.F.);
#275=ORIENTED_EDGE('',*,*,#935,.T.);
#276=ORIENTED_EDGE('',*,*,#858,.T.);
#277=ORIENTED_EDGE('',*,*,#933,.F.);
#278=ORIENTED_EDGE('',*,*,#923,.F.);
#279=ORIENTED_EDGE('',*,*,#938,.T.);
#280=ORIENTED_EDGE('',*,*,#939,.F.);
#281=ORIENTED_EDGE('',*,*,#940,.T.);
#282=ORIENTED_EDGE('',*,*,#941,.T.);
#283=ORIENTED_EDGE('',*,*,#942,.T.);
#284=ORIENTED_EDGE('',*,*,#943,.T.);
#285=ORIENTED_EDGE('',*,*,#944,.T.);
#286=ORIENTED_EDGE('',*,*,#945,.T.);
#287=ORIENTED_EDGE('',*,*,#946,.T.);
#288=ORIENTED_EDGE('',*,*,#947,.T.);
#289=ORIENTED_EDGE('',*,*,#948,.T.);
#290=ORIENTED_EDGE('',*,*,#949,.T.);
#291=ORIENTED_EDGE('',*,*,#950,.T.);
#292=ORIENTED_EDGE('',*,*,#951,.T.);
#293=ORIENTED_EDGE('',*,*,#952,.T.);
#294=ORIENTED_EDGE('',*,*,#953,.T.);
#295=ORIENTED_EDGE('',*,*,#954,.T.);
#296=ORIENTED_EDGE('',*,*,#955,.T.);
#297=ORIENTED_EDGE('',*,*,#956,.T.);
#298=ORIENTED_EDGE('',*,*,#957,.F.);
#299=ORIENTED_EDGE('',*,*,#958,.T.);
#300=ORIENTED_EDGE('',*,*,#959,.T.);
#301=ORIENTED_EDGE('',*,*,#960,.T.);
#302=ORIENTED_EDGE('',*,*,#961,.T.);
#303=ORIENTED_EDGE('',*,*,#962,.T.);
#304=ORIENTED_EDGE('',*,*,#963,.T.);
#305=ORIENTED_EDGE('',*,*,#964,.T.);
#306=ORIENTED_EDGE('',*,*,#965,.T.);
#307=ORIENTED_EDGE('',*,*,#966,.T.);
#308=ORIENTED_EDGE('',*,*,#967,.T.);
#309=ORIENTED_EDGE('',*,*,#968,.T.);
#310=ORIENTED_EDGE('',*,*,#969,.T.);
#311=ORIENTED_EDGE('',*,*,#970,.T.);
#312=ORIENTED_EDGE('',*,*,#971,.T.);
#313=ORIENTED_EDGE('',*,*,#972,.T.);
#314=ORIENTED_EDGE('',*,*,#973,.F.);
#315=ORIENTED_EDGE('',*,*,#974,.T.);
#316=ORIENTED_EDGE('',*,*,#975,.T.);
#317=ORIENTED_EDGE('',*,*,#976,.T.);
#318=ORIENTED_EDGE('',*,*,#977,.T.);
#319=ORIENTED_EDGE('',*,*,#978,.T.);
#320=ORIENTED_EDGE('',*,*,#979,.T.);
#321=ORIENTED_EDGE('',*,*,#980,.T.);
#322=ORIENTED_EDGE('',*,*,#981,.T.);
#323=ORIENTED_EDGE('',*,*,#982,.T.);
#324=ORIENTED_EDGE('',*,*,#983,.T.);
#325=ORIENTED_EDGE('',*,*,#984,.T.);
#326=ORIENTED_EDGE('',*,*,#985,.F.);
#327=ORIENTED_EDGE('',*,*,#986,.T.);
#328=ORIENTED_EDGE('',*,*,#987,.T.);
#329=ORIENTED_EDGE('',*,*,#988,.T.);
#330=ORIENTED_EDGE('',*,*,#989,.T.);
#331=ORIENTED_EDGE('',*,*,#990,.F.);
#332=ORIENTED_EDGE('',*,*,#991,.T.);
#333=ORIENTED_EDGE('',*,*,#992,.T.);
#334=ORIENTED_EDGE('',*,*,#993,.F.);
#335=ORIENTED_EDGE('',*,*,#994,.T.);
#336=ORIENTED_EDGE('',*,*,#995,.F.);
#337=ORIENTED_EDGE('',*,*,#996,.T.);
#338=ORIENTED_EDGE('',*,*,#997,.T.);
#339=ORIENTED_EDGE('',*,*,#998,.T.);
#340=ORIENTED_EDGE('',*,*,#999,.F.);
#341=ORIENTED_EDGE('',*,*,#1000,.T.);
#342=ORIENTED_EDGE('',*,*,#1001,.T.);
#343=ORIENTED_EDGE('',*,*,#1002,.F.);
#344=ORIENTED_EDGE('',*,*,#1003,.T.);
#345=ORIENTED_EDGE('',*,*,#1004,.T.);
#346=ORIENTED_EDGE('',*,*,#1005,.T.);
#347=ORIENTED_EDGE('',*,*,#1006,.T.);
#348=ORIENTED_EDGE('',*,*,#1007,.T.);
#349=ORIENTED_EDGE('',*,*,#1008,.T.);
#350=ORIENTED_EDGE('',*,*,#1009,.F.);
#351=ORIENTED_EDGE('',*,*,#1010,.T.);
#352=ORIENTED_EDGE('',*,*,#1011,.T.);
#353=ORIENTED_EDGE('',*,*,#1012,.F.);
#354=ORIENTED_EDGE('',*,*,#1013,.T.);
#355=ORIENTED_EDGE('',*,*,#1014,.T.);
#356=ORIENTED_EDGE('',*,*,#1015,.T.);
#357=ORIENTED_EDGE('',*,*,#1016,.T.);
#358=ORIENTED_EDGE('',*,*,#1017,.T.);
#359=ORIENTED_EDGE('',*,*,#1018,.T.);
#360=ORIENTED_EDGE('',*,*,#1019,.T.);
#361=ORIENTED_EDGE('',*,*,#1020,.F.);
#362=ORIENTED_EDGE('',*,*,#1021,.T.);
#363=ORIENTED_EDGE('',*,*,#1022,.T.);
#364=ORIENTED_EDGE('',*,*,#1023,.F.);
#365=ORIENTED_EDGE('',*,*,#1024,.T.);
#366=ORIENTED_EDGE('',*,*,#1025,.F.);
#367=ORIENTED_EDGE('',*,*,#1026,.T.);
#368=ORIENTED_EDGE('',*,*,#1027,.T.);
#369=ORIENTED_EDGE('',*,*,#1028,.T.);
#370=ORIENTED_EDGE('',*,*,#1029,.T.);
#371=ORIENTED_EDGE('',*,*,#1030,.F.);
#372=ORIENTED_EDGE('',*,*,#1031,.T.);
#373=ORIENTED_EDGE('',*,*,#1032,.F.);
#374=ORIENTED_EDGE('',*,*,#1033,.T.);
#375=ORIENTED_EDGE('',*,*,#1034,.T.);
#376=ORIENTED_EDGE('',*,*,#1035,.T.);
#377=ORIENTED_EDGE('',*,*,#1036,.T.);
#378=ORIENTED_EDGE('',*,*,#1037,.T.);
#379=ORIENTED_EDGE('',*,*,#1038,.T.);
#380=ORIENTED_EDGE('',*,*,#1039,.T.);
#381=ORIENTED_EDGE('',*,*,#1040,.F.);
#382=ORIENTED_EDGE('',*,*,#1041,.T.);
#383=ORIENTED_EDGE('',*,*,#1042,.T.);
#384=ORIENTED_EDGE('',*,*,#1043,.T.);
#385=ORIENTED_EDGE('',*,*,#1044,.T.);
#386=ORIENTED_EDGE('',*,*,#1045,.T.);
#387=ORIENTED_EDGE('',*,*,#1046,.T.);
#388=ORIENTED_EDGE('',*,*,#1047,.T.);
#389=ORIENTED_EDGE('',*,*,#1048,.T.);
#390=ORIENTED_EDGE('',*,*,#1049,.T.);
#391=ORIENTED_EDGE('',*,*,#1050,.F.);
#392=ORIENTED_EDGE('',*,*,#1051,.T.);
#393=ORIENTED_EDGE('',*,*,#1052,.F.);
#394=ORIENTED_EDGE('',*,*,#1053,.T.);
#395=ORIENTED_EDGE('',*,*,#1054,.T.);
#396=ORIENTED_EDGE('',*,*,#1055,.T.);
#397=ORIENTED_EDGE('',*,*,#1056,.T.);
#398=ORIENTED_EDGE('',*,*,#1057,.T.);
#399=ORIENTED_EDGE('',*,*,#1058,.T.);
#400=ORIENTED_EDGE('',*,*,#1059,.T.);
#401=ORIENTED_EDGE('',*,*,#1060,.F.);
#402=ORIENTED_EDGE('',*,*,#1061,.T.);
#403=ORIENTED_EDGE('',*,*,#1062,.T.);
#404=ORIENTED_EDGE('',*,*,#1063,.T.);
#405=ORIENTED_EDGE('',*,*,#1064,.T.);
#406=ORIENTED_EDGE('',*,*,#1065,.T.);
#407=ORIENTED_EDGE('',*,*,#1066,.F.);
#408=ORIENTED_EDGE('',*,*,#1067,.F.);
#409=ORIENTED_EDGE('',*,*,#1068,.F.);
#410=ORIENTED_EDGE('',*,*,#1069,.F.);
#411=ORIENTED_EDGE('',*,*,#1070,.F.);
#412=ORIENTED_EDGE('',*,*,#1071,.F.);
#413=ORIENTED_EDGE('',*,*,#1072,.F.);
#414=ORIENTED_EDGE('',*,*,#1073,.T.);
#415=ORIENTED_EDGE('',*,*,#1074,.F.);
#416=ORIENTED_EDGE('',*,*,#1075,.F.);
#417=ORIENTED_EDGE('',*,*,#1076,.F.);
#418=ORIENTED_EDGE('',*,*,#1077,.F.);
#419=ORIENTED_EDGE('',*,*,#1078,.F.);
#420=ORIENTED_EDGE('',*,*,#1079,.F.);
#421=ORIENTED_EDGE('',*,*,#1080,.F.);
#422=ORIENTED_EDGE('',*,*,#1081,.F.);
#423=ORIENTED_EDGE('',*,*,#1082,.F.);
#424=ORIENTED_EDGE('',*,*,#1083,.F.);
#425=ORIENTED_EDGE('',*,*,#1084,.F.);
#426=ORIENTED_EDGE('',*,*,#1085,.F.);
#427=ORIENTED_EDGE('',*,*,#1086,.F.);
#428=ORIENTED_EDGE('',*,*,#1087,.F.);
#429=ORIENTED_EDGE('',*,*,#1088,.F.);
#430=ORIENTED_EDGE('',*,*,#1089,.T.);
#431=ORIENTED_EDGE('',*,*,#1090,.F.);
#432=ORIENTED_EDGE('',*,*,#1091,.F.);
#433=ORIENTED_EDGE('',*,*,#1092,.F.);
#434=ORIENTED_EDGE('',*,*,#1093,.F.);
#435=ORIENTED_EDGE('',*,*,#1094,.T.);
#436=ORIENTED_EDGE('',*,*,#1095,.F.);
#437=ORIENTED_EDGE('',*,*,#1096,.T.);
#438=ORIENTED_EDGE('',*,*,#1097,.T.);
#439=ORIENTED_EDGE('',*,*,#1098,.T.);
#440=ORIENTED_EDGE('',*,*,#1099,.T.);
#441=ORIENTED_EDGE('',*,*,#1100,.T.);
#442=ORIENTED_EDGE('',*,*,#1101,.T.);
#443=ORIENTED_EDGE('',*,*,#1102,.T.);
#444=ORIENTED_EDGE('',*,*,#1103,.T.);
#445=ORIENTED_EDGE('',*,*,#1104,.T.);
#446=ORIENTED_EDGE('',*,*,#1105,.T.);
#447=ORIENTED_EDGE('',*,*,#1106,.T.);
#448=ORIENTED_EDGE('',*,*,#1107,.T.);
#449=ORIENTED_EDGE('',*,*,#1108,.T.);
#450=ORIENTED_EDGE('',*,*,#1109,.T.);
#451=ORIENTED_EDGE('',*,*,#1110,.T.);
#452=ORIENTED_EDGE('',*,*,#1111,.F.);
#453=ORIENTED_EDGE('',*,*,#1112,.T.);
#454=ORIENTED_EDGE('',*,*,#1113,.T.);
#455=ORIENTED_EDGE('',*,*,#1114,.T.);
#456=ORIENTED_EDGE('',*,*,#1115,.T.);
#457=ORIENTED_EDGE('',*,*,#1116,.T.);
#458=ORIENTED_EDGE('',*,*,#1117,.T.);
#459=ORIENTED_EDGE('',*,*,#1118,.T.);
#460=ORIENTED_EDGE('',*,*,#1119,.T.);
#461=ORIENTED_EDGE('',*,*,#1120,.T.);
#462=ORIENTED_EDGE('',*,*,#1121,.T.);
#463=ORIENTED_EDGE('',*,*,#1122,.T.);
#464=ORIENTED_EDGE('',*,*,#957,.T.);
#465=ORIENTED_EDGE('',*,*,#1123,.T.);
#466=ORIENTED_EDGE('',*,*,#955,.F.);
#467=ORIENTED_EDGE('',*,*,#1124,.T.);
#468=ORIENTED_EDGE('',*,*,#939,.T.);
#469=ORIENTED_EDGE('',*,*,#1125,.T.);
#470=ORIENTED_EDGE('',*,*,#949,.F.);
#471=ORIENTED_EDGE('',*,*,#1126,.T.);
#472=ORIENTED_EDGE('',*,*,#1067,.T.);
#473=ORIENTED_EDGE('',*,*,#1127,.F.);
#474=ORIENTED_EDGE('',*,*,#963,.F.);
#475=ORIENTED_EDGE('',*,*,#1128,.T.);
#476=ORIENTED_EDGE('',*,*,#973,.T.);
#477=ORIENTED_EDGE('',*,*,#1129,.F.);
#478=ORIENTED_EDGE('',*,*,#975,.F.);
#479=ORIENTED_EDGE('',*,*,#1130,.T.);
#480=ORIENTED_EDGE('',*,*,#985,.T.);
#481=ORIENTED_EDGE('',*,*,#1131,.F.);
#482=ORIENTED_EDGE('',*,*,#1117,.F.);
#483=ORIENTED_EDGE('',*,*,#1132,.T.);
#484=ORIENTED_EDGE('',*,*,#1062,.F.);
#485=ORIENTED_EDGE('',*,*,#1133,.T.);
#486=ORIENTED_EDGE('',*,*,#1050,.T.);
#487=ORIENTED_EDGE('',*,*,#1134,.T.);
#488=ORIENTED_EDGE('',*,*,#1081,.T.);
#489=ORIENTED_EDGE('',*,*,#1135,.F.);
#490=ORIENTED_EDGE('',*,*,#1025,.T.);
#491=ORIENTED_EDGE('',*,*,#1136,.T.);
#492=ORIENTED_EDGE('',*,*,#1007,.F.);
#493=ORIENTED_EDGE('',*,*,#1137,.F.);
#494=ORIENTED_EDGE('',*,*,#995,.T.);
#495=ORIENTED_EDGE('',*,*,#1138,.T.);
#496=ORIENTED_EDGE('',*,*,#997,.F.);
#497=ORIENTED_EDGE('',*,*,#1139,.F.);
#498=ORIENTED_EDGE('',*,*,#1103,.F.);
#499=ORIENTED_EDGE('',*,*,#1140,.T.);
#500=ORIENTED_EDGE('',*,*,#1042,.F.);
#501=ORIENTED_EDGE('',*,*,#1141,.T.);
#502=ORIENTED_EDGE('',*,*,#1030,.T.);
#503=ORIENTED_EDGE('',*,*,#1054,.F.);
#504=ORIENTED_EDGE('',*,*,#1142,.T.);
#505=ORIENTED_EDGE('',*,*,#1087,.T.);
#506=ORIENTED_EDGE('',*,*,#1143,.F.);
#507=ORIENTED_EDGE('',*,*,#1034,.F.);
#508=ORIENTED_EDGE('',*,*,#1144,.T.);
#509=ORIENTED_EDGE('',*,*,#1058,.F.);
#510=ORIENTED_EDGE('',*,*,#1145,.F.);
#511=ORIENTED_EDGE('',*,*,#1038,.F.);
#512=ORIENTED_EDGE('',*,*,#1146,.F.);
#513=ORIENTED_EDGE('',*,*,#1097,.F.);
#514=ORIENTED_EDGE('',*,*,#1147,.T.);
#515=ORIENTED_EDGE('',*,*,#1053,.F.);
#516=ORIENTED_EDGE('',*,*,#1148,.T.);
#517=ORIENTED_EDGE('',*,*,#1088,.T.);
#518=ORIENTED_EDGE('',*,*,#1142,.F.);
#519=ORIENTED_EDGE('',*,*,#1033,.F.);
#520=ORIENTED_EDGE('',*,*,#1149,.T.);
#521=ORIENTED_EDGE('',*,*,#1059,.F.);
#522=ORIENTED_EDGE('',*,*,#1144,.F.);
#523=ORIENTED_EDGE('',*,*,#1039,.F.);
#524=ORIENTED_EDGE('',*,*,#1147,.F.);
#525=ORIENTED_EDGE('',*,*,#1096,.F.);
#526=ORIENTED_EDGE('',*,*,#1150,.T.);
#527=ORIENTED_EDGE('',*,*,#1148,.F.);
#528=ORIENTED_EDGE('',*,*,#1052,.T.);
#529=ORIENTED_EDGE('',*,*,#1151,.T.);
#530=ORIENTED_EDGE('',*,*,#1089,.F.);
#531=ORIENTED_EDGE('',*,*,#1149,.F.);
#532=ORIENTED_EDGE('',*,*,#1032,.T.);
#533=ORIENTED_EDGE('',*,*,#1152,.T.);
#534=ORIENTED_EDGE('',*,*,#1060,.T.);
#535=ORIENTED_EDGE('',*,*,#1153,.T.);
#536=ORIENTED_EDGE('',*,*,#1040,.T.);
#537=ORIENTED_EDGE('',*,*,#1150,.F.);
#538=ORIENTED_EDGE('',*,*,#1095,.T.);
#539=ORIENTED_EDGE('',*,*,#1154,.F.);
#540=ORIENTED_EDGE('',*,*,#1023,.T.);
#541=ORIENTED_EDGE('',*,*,#1155,.T.);
#542=ORIENTED_EDGE('',*,*,#1073,.F.);
#543=ORIENTED_EDGE('',*,*,#1156,.F.);
#544=ORIENTED_EDGE('',*,*,#993,.T.);
#545=ORIENTED_EDGE('',*,*,#1157,.T.);
#546=ORIENTED_EDGE('',*,*,#1009,.T.);
#547=ORIENTED_EDGE('',*,*,#1158,.T.);
#548=ORIENTED_EDGE('',*,*,#999,.T.);
#549=ORIENTED_EDGE('',*,*,#1159,.F.);
#550=ORIENTED_EDGE('',*,*,#1111,.T.);
#551=ORIENTED_EDGE('',*,*,#1022,.F.);
#552=ORIENTED_EDGE('',*,*,#1160,.T.);
#553=ORIENTED_EDGE('',*,*,#1074,.T.);
#554=ORIENTED_EDGE('',*,*,#1155,.F.);
#555=ORIENTED_EDGE('',*,*,#992,.F.);
#556=ORIENTED_EDGE('',*,*,#1161,.T.);
#557=ORIENTED_EDGE('',*,*,#1010,.F.);
#558=ORIENTED_EDGE('',*,*,#1157,.F.);
#559=ORIENTED_EDGE('',*,*,#1000,.F.);
#560=ORIENTED_EDGE('',*,*,#1158,.F.);
#561=ORIENTED_EDGE('',*,*,#1110,.F.);
#562=ORIENTED_EDGE('',*,*,#1162,.T.);
#563=ORIENTED_EDGE('',*,*,#1021,.F.);
#564=ORIENTED_EDGE('',*,*,#1163,.T.);
#565=ORIENTED_EDGE('',*,*,#1075,.T.);
#566=ORIENTED_EDGE('',*,*,#1160,.F.);
#567=ORIENTED_EDGE('',*,*,#991,.F.);
#568=ORIENTED_EDGE('',*,*,#1164,.T.);
#569=ORIENTED_EDGE('',*,*,#1011,.F.);
#570=ORIENTED_EDGE('',*,*,#1161,.F.);
#571=ORIENTED_EDGE('',*,*,#1001,.F.);
#572=ORIENTED_EDGE('',*,*,#1162,.F.);
#573=ORIENTED_EDGE('',*,*,#1109,.F.);
#574=ORIENTED_EDGE('',*,*,#1165,.T.);
#575=ORIENTED_EDGE('',*,*,#1020,.T.);
#576=ORIENTED_EDGE('',*,*,#1166,.T.);
#577=ORIENTED_EDGE('',*,*,#1076,.T.);
#578=ORIENTED_EDGE('',*,*,#1163,.F.);
#579=ORIENTED_EDGE('',*,*,#990,.T.);
#580=ORIENTED_EDGE('',*,*,#1167,.T.);
#581=ORIENTED_EDGE('',*,*,#1012,.T.);
#582=ORIENTED_EDGE('',*,*,#1164,.F.);
#583=ORIENTED_EDGE('',*,*,#1002,.T.);
#584=ORIENTED_EDGE('',*,*,#1165,.F.);
#585=ORIENTED_EDGE('',*,*,#1108,.F.);
#586=ORIENTED_EDGE('',*,*,#1168,.T.);
#587=ORIENTED_EDGE('',*,*,#1019,.F.);
#588=ORIENTED_EDGE('',*,*,#1169,.T.);
#589=ORIENTED_EDGE('',*,*,#1077,.T.);
#590=ORIENTED_EDGE('',*,*,#1166,.F.);
#591=ORIENTED_EDGE('',*,*,#989,.F.);
#592=ORIENTED_EDGE('',*,*,#1170,.T.);
#593=ORIENTED_EDGE('',*,*,#1013,.F.);
#594=ORIENTED_EDGE('',*,*,#1167,.F.);
#595=ORIENTED_EDGE('',*,*,#1003,.F.);
#596=ORIENTED_EDGE('',*,*,#1168,.F.);
#597=ORIENTED_EDGE('',*,*,#1107,.F.);
#598=ORIENTED_EDGE('',*,*,#1171,.T.);
#599=ORIENTED_EDGE('',*,*,#1018,.F.);
#600=ORIENTED_EDGE('',*,*,#1172,.T.);
#601=ORIENTED_EDGE('',*,*,#1078,.T.);
#602=ORIENTED_EDGE('',*,*,#1169,.F.);
#603=ORIENTED_EDGE('',*,*,#988,.F.);
#604=ORIENTED_EDGE('',*,*,#1173,.T.);
#605=ORIENTED_EDGE('',*,*,#1014,.F.);
#606=ORIENTED_EDGE('',*,*,#1170,.F.);
#607=ORIENTED_EDGE('',*,*,#1004,.F.);
#608=ORIENTED_EDGE('',*,*,#1171,.F.);
#609=ORIENTED_EDGE('',*,*,#1106,.F.);
#610=ORIENTED_EDGE('',*,*,#1174,.T.);
#611=ORIENTED_EDGE('',*,*,#1017,.F.);
#612=ORIENTED_EDGE('',*,*,#1175,.T.);
#613=ORIENTED_EDGE('',*,*,#1079,.T.);
#614=ORIENTED_EDGE('',*,*,#1172,.F.);
#615=ORIENTED_EDGE('',*,*,#987,.F.);
#616=ORIENTED_EDGE('',*,*,#1176,.T.);
#617=ORIENTED_EDGE('',*,*,#1015,.F.);
#618=ORIENTED_EDGE('',*,*,#1173,.F.);
#619=ORIENTED_EDGE('',*,*,#1005,.F.);
#620=ORIENTED_EDGE('',*,*,#1174,.F.);
#621=ORIENTED_EDGE('',*,*,#1105,.F.);
#622=ORIENTED_EDGE('',*,*,#1177,.T.);
#623=ORIENTED_EDGE('',*,*,#1016,.F.);
#624=ORIENTED_EDGE('',*,*,#1135,.T.);
#625=ORIENTED_EDGE('',*,*,#1080,.T.);
#626=ORIENTED_EDGE('',*,*,#1175,.F.);
#627=ORIENTED_EDGE('',*,*,#986,.F.);
#628=ORIENTED_EDGE('',*,*,#1137,.T.);
#629=ORIENTED_EDGE('',*,*,#1006,.F.);
#630=ORIENTED_EDGE('',*,*,#1176,.F.);
#631=ORIENTED_EDGE('',*,*,#996,.F.);
#632=ORIENTED_EDGE('',*,*,#1177,.F.);
#633=ORIENTED_EDGE('',*,*,#1104,.F.);
#634=ORIENTED_EDGE('',*,*,#1139,.T.);
#635=ORIENTED_EDGE('',*,*,#1049,.F.);
#636=ORIENTED_EDGE('',*,*,#1178,.T.);
#637=ORIENTED_EDGE('',*,*,#1082,.T.);
#638=ORIENTED_EDGE('',*,*,#1134,.F.);
#639=ORIENTED_EDGE('',*,*,#1029,.F.);
#640=ORIENTED_EDGE('',*,*,#1179,.T.);
#641=ORIENTED_EDGE('',*,*,#1063,.F.);
#642=ORIENTED_EDGE('',*,*,#1132,.F.);
#643=ORIENTED_EDGE('',*,*,#1043,.F.);
#644=ORIENTED_EDGE('',*,*,#1140,.F.);
#645=ORIENTED_EDGE('',*,*,#1102,.F.);
#646=ORIENTED_EDGE('',*,*,#1180,.T.);
#647=ORIENTED_EDGE('',*,*,#1048,.F.);
#648=ORIENTED_EDGE('',*,*,#1181,.T.);
#649=ORIENTED_EDGE('',*,*,#1083,.T.);
#650=ORIENTED_EDGE('',*,*,#1178,.F.);
#651=ORIENTED_EDGE('',*,*,#1028,.F.);
#652=ORIENTED_EDGE('',*,*,#1182,.T.);
#653=ORIENTED_EDGE('',*,*,#1064,.F.);
#654=ORIENTED_EDGE('',*,*,#1179,.F.);
#655=ORIENTED_EDGE('',*,*,#1044,.F.);
#656=ORIENTED_EDGE('',*,*,#1180,.F.);
#657=ORIENTED_EDGE('',*,*,#1101,.F.);
#658=ORIENTED_EDGE('',*,*,#1183,.T.);
#659=ORIENTED_EDGE('',*,*,#1047,.F.);
#660=ORIENTED_EDGE('',*,*,#1184,.T.);
#661=ORIENTED_EDGE('',*,*,#1084,.T.);
#662=ORIENTED_EDGE('',*,*,#1181,.F.);
#663=ORIENTED_EDGE('',*,*,#1027,.F.);
#664=ORIENTED_EDGE('',*,*,#1185,.T.);
#665=ORIENTED_EDGE('',*,*,#1065,.F.);
#666=ORIENTED_EDGE('',*,*,#1182,.F.);
#667=ORIENTED_EDGE('',*,*,#1045,.F.);
#668=ORIENTED_EDGE('',*,*,#1183,.F.);
#669=ORIENTED_EDGE('',*,*,#1100,.F.);
#670=ORIENTED_EDGE('',*,*,#1186,.T.);
#671=ORIENTED_EDGE('',*,*,#1046,.F.);
#672=ORIENTED_EDGE('',*,*,#1187,.T.);
#673=ORIENTED_EDGE('',*,*,#1085,.T.);
#674=ORIENTED_EDGE('',*,*,#1184,.F.);
#675=ORIENTED_EDGE('',*,*,#1026,.F.);
#676=ORIENTED_EDGE('',*,*,#1188,.T.);
#677=ORIENTED_EDGE('',*,*,#1056,.F.);
#678=ORIENTED_EDGE('',*,*,#1185,.F.);
#679=ORIENTED_EDGE('',*,*,#1036,.F.);
#680=ORIENTED_EDGE('',*,*,#1186,.F.);
#681=ORIENTED_EDGE('',*,*,#1099,.F.);
#682=ORIENTED_EDGE('',*,*,#1189,.T.);
#683=ORIENTED_EDGE('',*,*,#1055,.F.);
#684=ORIENTED_EDGE('',*,*,#1143,.T.);
#685=ORIENTED_EDGE('',*,*,#1086,.T.);
#686=ORIENTED_EDGE('',*,*,#1187,.F.);
#687=ORIENTED_EDGE('',*,*,#1035,.F.);
#688=ORIENTED_EDGE('',*,*,#1145,.T.);
#689=ORIENTED_EDGE('',*,*,#1057,.F.);
#690=ORIENTED_EDGE('',*,*,#1188,.F.);
#691=ORIENTED_EDGE('',*,*,#1037,.F.);
#692=ORIENTED_EDGE('',*,*,#1189,.F.);
#693=ORIENTED_EDGE('',*,*,#1098,.F.);
#694=ORIENTED_EDGE('',*,*,#1146,.T.);
#695=ORIENTED_EDGE('',*,*,#981,.F.);
#696=ORIENTED_EDGE('',*,*,#1190,.F.);
#697=ORIENTED_EDGE('',*,*,#1121,.F.);
#698=ORIENTED_EDGE('',*,*,#1191,.T.);
#699=ORIENTED_EDGE('',*,*,#969,.F.);
#700=ORIENTED_EDGE('',*,*,#1192,.F.);
#701=ORIENTED_EDGE('',*,*,#979,.F.);
#702=ORIENTED_EDGE('',*,*,#1193,.T.);
#703=ORIENTED_EDGE('',*,*,#967,.F.);
#704=ORIENTED_EDGE('',*,*,#1194,.T.);
#705=ORIENTED_EDGE('',*,*,#1091,.T.);
#706=ORIENTED_EDGE('',*,*,#1195,.F.);
#707=ORIENTED_EDGE('',*,*,#982,.F.);
#708=ORIENTED_EDGE('',*,*,#1191,.F.);
#709=ORIENTED_EDGE('',*,*,#1120,.F.);
#710=ORIENTED_EDGE('',*,*,#1196,.T.);
#711=ORIENTED_EDGE('',*,*,#970,.F.);
#712=ORIENTED_EDGE('',*,*,#1193,.F.);
#713=ORIENTED_EDGE('',*,*,#978,.F.);
#714=ORIENTED_EDGE('',*,*,#1197,.T.);
#715=ORIENTED_EDGE('',*,*,#966,.F.);
#716=ORIENTED_EDGE('',*,*,#1198,.T.);
#717=ORIENTED_EDGE('',*,*,#1092,.T.);
#718=ORIENTED_EDGE('',*,*,#1194,.F.);
#719=ORIENTED_EDGE('',*,*,#983,.F.);
#720=ORIENTED_EDGE('',*,*,#1196,.F.);
#721=ORIENTED_EDGE('',*,*,#1119,.F.);
#722=ORIENTED_EDGE('',*,*,#1199,.T.);
#723=ORIENTED_EDGE('',*,*,#971,.F.);
#724=ORIENTED_EDGE('',*,*,#1197,.F.);
#725=ORIENTED_EDGE('',*,*,#977,.F.);
#726=ORIENTED_EDGE('',*,*,#1200,.T.);
#727=ORIENTED_EDGE('',*,*,#965,.F.);
#728=ORIENTED_EDGE('',*,*,#1201,.T.);
#729=ORIENTED_EDGE('',*,*,#1093,.T.);
#730=ORIENTED_EDGE('',*,*,#1198,.F.);
#731=ORIENTED_EDGE('',*,*,#984,.F.);
#732=ORIENTED_EDGE('',*,*,#1199,.F.);
#733=ORIENTED_EDGE('',*,*,#1118,.F.);
#734=ORIENTED_EDGE('',*,*,#1131,.T.);
#735=ORIENTED_EDGE('',*,*,#972,.F.);
#736=ORIENTED_EDGE('',*,*,#1200,.F.);
#737=ORIENTED_EDGE('',*,*,#976,.F.);
#738=ORIENTED_EDGE('',*,*,#1129,.T.);
#739=ORIENTED_EDGE('',*,*,#964,.F.);
#740=ORIENTED_EDGE('',*,*,#1127,.T.);
#741=ORIENTED_EDGE('',*,*,#1066,.T.);
#742=ORIENTED_EDGE('',*,*,#1201,.F.);
#743=ORIENTED_EDGE('',*,*,#958,.F.);
#744=ORIENTED_EDGE('',*,*,#1122,.F.);
#745=ORIENTED_EDGE('',*,*,#1116,.F.);
#746=ORIENTED_EDGE('',*,*,#1202,.T.);
#747=ORIENTED_EDGE('',*,*,#940,.F.);
#748=ORIENTED_EDGE('',*,*,#1124,.F.);
#749=ORIENTED_EDGE('',*,*,#954,.F.);
#750=ORIENTED_EDGE('',*,*,#1203,.T.);
#751=ORIENTED_EDGE('',*,*,#948,.F.);
#752=ORIENTED_EDGE('',*,*,#1204,.T.);
#753=ORIENTED_EDGE('',*,*,#1068,.T.);
#754=ORIENTED_EDGE('',*,*,#1126,.F.);
#755=ORIENTED_EDGE('',*,*,#959,.F.);
#756=ORIENTED_EDGE('',*,*,#1202,.F.);
#757=ORIENTED_EDGE('',*,*,#1115,.F.);
#758=ORIENTED_EDGE('',*,*,#1205,.T.);
#759=ORIENTED_EDGE('',*,*,#941,.F.);
#760=ORIENTED_EDGE('',*,*,#1203,.F.);
#761=ORIENTED_EDGE('',*,*,#953,.F.);
#762=ORIENTED_EDGE('',*,*,#1206,.T.);
#763=ORIENTED_EDGE('',*,*,#947,.F.);
#764=ORIENTED_EDGE('',*,*,#1207,.T.);
#765=ORIENTED_EDGE('',*,*,#1069,.T.);
#766=ORIENTED_EDGE('',*,*,#1204,.F.);
#767=ORIENTED_EDGE('',*,*,#960,.F.);
#768=ORIENTED_EDGE('',*,*,#1205,.F.);
#769=ORIENTED_EDGE('',*,*,#1114,.F.);
#770=ORIENTED_EDGE('',*,*,#1208,.T.);
#771=ORIENTED_EDGE('',*,*,#942,.F.);
#772=ORIENTED_EDGE('',*,*,#1206,.F.);
#773=ORIENTED_EDGE('',*,*,#952,.F.);
#774=ORIENTED_EDGE('',*,*,#1209,.T.);
#775=ORIENTED_EDGE('',*,*,#946,.F.);
#776=ORIENTED_EDGE('',*,*,#1210,.T.);
#777=ORIENTED_EDGE('',*,*,#1070,.T.);
#778=ORIENTED_EDGE('',*,*,#1207,.F.);
#779=ORIENTED_EDGE('',*,*,#961,.F.);
#780=ORIENTED_EDGE('',*,*,#1208,.F.);
#781=ORIENTED_EDGE('',*,*,#1113,.F.);
#782=ORIENTED_EDGE('',*,*,#1211,.T.);
#783=ORIENTED_EDGE('',*,*,#943,.F.);
#784=ORIENTED_EDGE('',*,*,#1209,.F.);
#785=ORIENTED_EDGE('',*,*,#951,.F.);
#786=ORIENTED_EDGE('',*,*,#1212,.T.);
#787=ORIENTED_EDGE('',*,*,#945,.F.);
#788=ORIENTED_EDGE('',*,*,#1213,.T.);
#789=ORIENTED_EDGE('',*,*,#1071,.T.);
#790=ORIENTED_EDGE('',*,*,#1210,.F.);
#791=ORIENTED_EDGE('',*,*,#962,.F.);
#792=ORIENTED_EDGE('',*,*,#1195,.T.);
#793=ORIENTED_EDGE('',*,*,#1090,.T.);
#794=ORIENTED_EDGE('',*,*,#1151,.F.);
#795=ORIENTED_EDGE('',*,*,#1051,.F.);
#796=ORIENTED_EDGE('',*,*,#1133,.F.);
#797=ORIENTED_EDGE('',*,*,#1061,.F.);
#798=ORIENTED_EDGE('',*,*,#1152,.F.);
#799=ORIENTED_EDGE('',*,*,#1031,.F.);
#800=ORIENTED_EDGE('',*,*,#1141,.F.);
#801=ORIENTED_EDGE('',*,*,#1041,.F.);
#802=ORIENTED_EDGE('',*,*,#1153,.F.);
#803=ORIENTED_EDGE('',*,*,#1094,.F.);
#804=ORIENTED_EDGE('',*,*,#1190,.T.);
#805=ORIENTED_EDGE('',*,*,#980,.F.);
#806=ORIENTED_EDGE('',*,*,#1130,.F.);
#807=ORIENTED_EDGE('',*,*,#974,.F.);
#808=ORIENTED_EDGE('',*,*,#1192,.T.);
#809=ORIENTED_EDGE('',*,*,#968,.F.);
#810=ORIENTED_EDGE('',*,*,#1128,.F.);
#811=ORIENTED_EDGE('',*,*,#944,.F.);
#812=ORIENTED_EDGE('',*,*,#1125,.F.);
#813=ORIENTED_EDGE('',*,*,#938,.F.);
#814=ORIENTED_EDGE('',*,*,#1212,.F.);
#815=ORIENTED_EDGE('',*,*,#950,.F.);
#816=ORIENTED_EDGE('',*,*,#1123,.F.);
#817=ORIENTED_EDGE('',*,*,#956,.F.);
#818=ORIENTED_EDGE('',*,*,#1211,.F.);
#819=ORIENTED_EDGE('',*,*,#1112,.F.);
#820=ORIENTED_EDGE('',*,*,#1159,.T.);
#821=ORIENTED_EDGE('',*,*,#998,.F.);
#822=ORIENTED_EDGE('',*,*,#1138,.F.);
#823=ORIENTED_EDGE('',*,*,#994,.F.);
#824=ORIENTED_EDGE('',*,*,#1156,.T.);
#825=ORIENTED_EDGE('',*,*,#1008,.F.);
#826=ORIENTED_EDGE('',*,*,#1136,.F.);
#827=ORIENTED_EDGE('',*,*,#1024,.F.);
#828=ORIENTED_EDGE('',*,*,#1154,.T.);
#829=ORIENTED_EDGE('',*,*,#1072,.T.);
#830=ORIENTED_EDGE('',*,*,#1213,.F.);
#831=EDGE_CURVE('',#1214,#1215,#1468,.T.);
#832=EDGE_CURVE('',#1215,#1216,#1469,.T.);
#833=EDGE_CURVE('',#1216,#1214,#1470,.T.);
#834=EDGE_CURVE('',#1217,#1214,#1471,.T.);
#835=EDGE_CURVE('',#1218,#1216,#1472,.T.);
#836=EDGE_CURVE('',#1217,#1218,#1473,.T.);
#837=EDGE_CURVE('',#1219,#1215,#1474,.T.);
#838=EDGE_CURVE('',#1218,#1219,#1475,.T.);
#839=EDGE_CURVE('',#1220,#1221,#1476,.T.);
#840=EDGE_CURVE('',#1222,#1220,#1477,.T.);
#841=EDGE_CURVE('',#1221,#1222,#1478,.T.);
#842=EDGE_CURVE('',#1223,#1224,#1479,.T.);
#843=EDGE_CURVE('',#1222,#1223,#1480,.T.);
#844=EDGE_CURVE('',#1220,#1224,#1481,.T.);
#845=EDGE_CURVE('',#1225,#1223,#1482,.T.);
#846=EDGE_CURVE('',#1221,#1225,#1483,.T.);
#847=EDGE_CURVE('',#1219,#1225,#1484,.T.);
#848=EDGE_CURVE('',#1224,#1217,#1485,.T.);
#849=EDGE_CURVE('',#1226,#1227,#1486,.T.);
#850=EDGE_CURVE('',#1228,#1227,#1487,.T.);
#851=EDGE_CURVE('',#1229,#1228,#1488,.T.);
#852=EDGE_CURVE('',#1229,#1226,#1489,.T.);
#853=EDGE_CURVE('',#1230,#1226,#1490,.T.);
#854=EDGE_CURVE('',#1231,#1229,#1491,.T.);
#855=EDGE_CURVE('',#1230,#1231,#1492,.T.);
#856=EDGE_CURVE('',#1228,#1232,#1493,.T.);
#857=EDGE_CURVE('',#1227,#1233,#1494,.T.);
#858=EDGE_CURVE('',#1232,#1233,#1495,.T.);
#859=EDGE_CURVE('',#1234,#1235,#1496,.T.);
#860=EDGE_CURVE('',#1236,#1235,#1497,.T.);
#861=EDGE_CURVE('',#1237,#1236,#1498,.T.);
#862=EDGE_CURVE('',#1237,#1234,#1499,.T.);
#863=EDGE_CURVE('',#1238,#1234,#1500,.T.);
#864=EDGE_CURVE('',#1239,#1237,#1501,.T.);
#865=EDGE_CURVE('',#1239,#1238,#1502,.T.);
#866=EDGE_CURVE('',#1240,#1241,#1503,.T.);
#867=EDGE_CURVE('',#1242,#1241,#1504,.T.);
#868=EDGE_CURVE('',#1243,#1242,#1505,.T.);
#869=EDGE_CURVE('',#1243,#1240,#1506,.T.);
#870=EDGE_CURVE('',#1244,#1240,#1507,.T.);
#871=EDGE_CURVE('',#1245,#1243,#1508,.T.);
#872=EDGE_CURVE('',#1245,#1244,#1509,.T.);
#873=EDGE_CURVE('',#1246,#1247,#1510,.T.);
#874=EDGE_CURVE('',#1247,#1248,#1511,.T.);
#875=EDGE_CURVE('',#1248,#1249,#1512,.T.);
#876=EDGE_CURVE('',#1249,#1246,#1513,.T.);
#877=EDGE_CURVE('',#1250,#1251,#1514,.T.);
#878=EDGE_CURVE('',#1246,#1251,#1515,.T.);
#879=EDGE_CURVE('',#1249,#1250,#1516,.T.);
#880=EDGE_CURVE('',#1252,#1250,#1517,.T.);
#881=EDGE_CURVE('',#1248,#1252,#1518,.T.);
#882=EDGE_CURVE('',#1253,#1252,#1519,.T.);
#883=EDGE_CURVE('',#1247,#1253,#1520,.T.);
#884=EDGE_CURVE('',#1251,#1253,#1521,.T.);
#885=EDGE_CURVE('',#1254,#1255,#1522,.T.);
#886=EDGE_CURVE('',#1255,#1256,#1523,.T.);
#887=EDGE_CURVE('',#1256,#1254,#1524,.T.);
#888=EDGE_CURVE('',#1257,#1258,#1525,.T.);
#889=EDGE_CURVE('',#1254,#1258,#1526,.T.);
#890=EDGE_CURVE('',#1256,#1257,#1527,.T.);
#891=EDGE_CURVE('',#1259,#1257,#1528,.T.);
#892=EDGE_CURVE('',#1255,#1259,#1529,.T.);
#893=EDGE_CURVE('',#1260,#1250,#1530,.T.);
#894=EDGE_CURVE('',#1260,#1261,#1531,.T.);
#895=EDGE_CURVE('',#1261,#1251,#1532,.T.);
#896=EDGE_CURVE('',#1262,#1252,#1533,.T.);
#897=EDGE_CURVE('',#1262,#1260,#1534,.T.);
#898=EDGE_CURVE('',#1263,#1253,#1535,.T.);
#899=EDGE_CURVE('',#1263,#1262,#1536,.T.);
#900=EDGE_CURVE('',#1261,#1263,#1537,.T.);
#901=EDGE_CURVE('',#1264,#1265,#1538,.T.);
#902=EDGE_CURVE('',#1265,#1266,#1539,.T.);
#903=EDGE_CURVE('',#1236,#1266,#1540,.T.);
#904=EDGE_CURVE('',#1235,#1267,#1541,.T.);
#905=EDGE_CURVE('',#1267,#1268,#1542,.T.);
#906=EDGE_CURVE('',#1268,#1269,#1543,.T.);
#907=EDGE_CURVE('',#1269,#1264,#1544,.T.);
#908=EDGE_CURVE('',#1244,#1270,#1545,.T.);
#909=EDGE_CURVE('',#1271,#1245,#1546,.T.);
#910=EDGE_CURVE('',#1272,#1271,#1547,.T.);
#911=EDGE_CURVE('',#1273,#1272,#1548,.T.);
#912=EDGE_CURVE('',#1274,#1273,#1549,.T.);
#913=EDGE_CURVE('',#1275,#1274,#1550,.T.);
#914=EDGE_CURVE('',#1270,#1275,#1551,.T.);
#915=EDGE_CURVE('',#1270,#1267,#1552,.T.);
#916=EDGE_CURVE('',#1275,#1268,#1553,.T.);
#917=EDGE_CURVE('',#1241,#1238,#1554,.T.);
#918=EDGE_CURVE('',#1274,#1269,#1555,.T.);
#919=EDGE_CURVE('',#1276,#1271,#1556,.T.);
#920=EDGE_CURVE('',#1277,#1276,#1557,.T.);
#921=EDGE_CURVE('',#1272,#1277,#1558,.T.);
#922=EDGE_CURVE('',#1259,#1278,#1559,.T.);
#923=EDGE_CURVE('',#1278,#1279,#1560,.T.);
#924=EDGE_CURVE('',#1279,#1264,#1561,.T.);
#925=EDGE_CURVE('',#1273,#1280,#1562,.T.);
#926=EDGE_CURVE('',#1280,#1281,#1563,.T.);
#927=EDGE_CURVE('',#1281,#1258,#1564,.T.);
#928=EDGE_CURVE('',#1281,#1276,#1565,.T.);
#929=EDGE_CURVE('',#1280,#1277,#1566,.T.);
#930=EDGE_CURVE('',#1230,#1282,#1567,.T.);
#931=EDGE_CURVE('',#1231,#1283,#1568,.T.);
#932=EDGE_CURVE('',#1283,#1282,#1569,.T.);
#933=EDGE_CURVE('',#1279,#1233,#1570,.T.);
#934=EDGE_CURVE('',#1282,#1265,#1571,.T.);
#935=EDGE_CURVE('',#1278,#1232,#1572,.T.);
#936=EDGE_CURVE('',#1242,#1239,#1573,.T.);
#937=EDGE_CURVE('',#1266,#1283,#1574,.T.);
#938=EDGE_CURVE('',#1284,#1285,#1575,.T.);
#939=EDGE_CURVE('',#1286,#1285,#1576,.T.);
#940=EDGE_CURVE('',#1286,#1287,#1577,.T.);
#941=EDGE_CURVE('',#1287,#1288,#1578,.T.);
#942=EDGE_CURVE('',#1288,#1289,#1579,.T.);
#943=EDGE_CURVE('',#1289,#1284,#1580,.T.);
#944=EDGE_CURVE('',#1290,#1291,#1581,.T.);
#945=EDGE_CURVE('',#1291,#1292,#1582,.T.);
#946=EDGE_CURVE('',#1292,#1293,#1583,.T.);
#947=EDGE_CURVE('',#1293,#1294,#1584,.T.);
#948=EDGE_CURVE('',#1294,#1295,#1585,.T.);
#949=EDGE_CURVE('',#1295,#1290,#1586,.T.);
#950=EDGE_CURVE('',#1296,#1297,#1587,.T.);
#951=EDGE_CURVE('',#1297,#1298,#1588,.T.);
#952=EDGE_CURVE('',#1298,#1299,#1589,.T.);
#953=EDGE_CURVE('',#1299,#1300,#1590,.T.);
#954=EDGE_CURVE('',#1300,#1301,#1591,.T.);
#955=EDGE_CURVE('',#1301,#1296,#1592,.T.);
#956=EDGE_CURVE('',#1302,#1303,#1593,.T.);
#957=EDGE_CURVE('',#1304,#1303,#1594,.T.);
#958=EDGE_CURVE('',#1304,#1305,#1595,.T.);
#959=EDGE_CURVE('',#1305,#1306,#1596,.T.);
#960=EDGE_CURVE('',#1306,#1307,#1597,.T.);
#961=EDGE_CURVE('',#1307,#1302,#1598,.T.);
#962=EDGE_CURVE('',#1308,#1309,#1599,.T.);
#963=EDGE_CURVE('',#1309,#1310,#1600,.T.);
#964=EDGE_CURVE('',#1310,#1311,#1601,.T.);
#965=EDGE_CURVE('',#1311,#1312,#1602,.T.);
#966=EDGE_CURVE('',#1312,#1313,#1603,.T.);
#967=EDGE_CURVE('',#1313,#1308,#1604,.T.);
#968=EDGE_CURVE('',#1314,#1315,#1605,.T.);
#969=EDGE_CURVE('',#1315,#1316,#1606,.T.);
#970=EDGE_CURVE('',#1316,#1317,#1607,.T.);
#971=EDGE_CURVE('',#1317,#1318,#1608,.T.);
#972=EDGE_CURVE('',#1318,#1319,#1609,.T.);
#973=EDGE_CURVE('',#1314,#1319,#1610,.T.);
#974=EDGE_CURVE('',#1320,#1321,#1611,.T.);
#975=EDGE_CURVE('',#1321,#1322,#1612,.T.);
#976=EDGE_CURVE('',#1322,#1323,#1613,.T.);
#977=EDGE_CURVE('',#1323,#1324,#1614,.T.);
#978=EDGE_CURVE('',#1324,#1325,#1615,.T.);
#979=EDGE_CURVE('',#1325,#1320,#1616,.T.);
#980=EDGE_CURVE('',#1326,#1327,#1617,.T.);
#981=EDGE_CURVE('',#1327,#1328,#1618,.T.);
#982=EDGE_CURVE('',#1328,#1329,#1619,.T.);
#983=EDGE_CURVE('',#1329,#1330,#1620,.T.);
#984=EDGE_CURVE('',#1330,#1331,#1621,.T.);
#985=EDGE_CURVE('',#1326,#1331,#1622,.T.);
#986=EDGE_CURVE('',#1332,#1333,#1623,.T.);
#987=EDGE_CURVE('',#1333,#1334,#22,.T.);
#988=EDGE_CURVE('',#1334,#1335,#1624,.T.);
#989=EDGE_CURVE('',#1335,#1336,#1625,.T.);
#990=EDGE_CURVE('',#1337,#1336,#1626,.T.);
#991=EDGE_CURVE('',#1337,#1338,#1627,.T.);
#992=EDGE_CURVE('',#1338,#1339,#1628,.T.);
#993=EDGE_CURVE('',#1340,#1339,#23,.T.);
#994=EDGE_CURVE('',#1340,#1341,#1629,.T.);
#995=EDGE_CURVE('',#1332,#1341,#1630,.T.);
#996=EDGE_CURVE('',#1342,#1343,#1631,.T.);
#997=EDGE_CURVE('',#1343,#1344,#1632,.T.);
#998=EDGE_CURVE('',#1344,#1345,#1633,.T.);
#999=EDGE_CURVE('',#1346,#1345,#24,.T.);
#1000=EDGE_CURVE('',#1346,#1347,#1634,.T.);
#1001=EDGE_CURVE('',#1347,#1348,#1635,.T.);
#1002=EDGE_CURVE('',#1349,#1348,#1636,.T.);
#1003=EDGE_CURVE('',#1349,#1350,#1637,.T.);
#1004=EDGE_CURVE('',#1350,#1351,#1638,.T.);
#1005=EDGE_CURVE('',#1351,#1342,#25,.T.);
#1006=EDGE_CURVE('',#1352,#1353,#1639,.T.);
#1007=EDGE_CURVE('',#1353,#1354,#1640,.T.);
#1008=EDGE_CURVE('',#1354,#1355,#1641,.T.);
#1009=EDGE_CURVE('',#1356,#1355,#26,.T.);
#1010=EDGE_CURVE('',#1356,#1357,#1642,.T.);
#1011=EDGE_CURVE('',#1357,#1358,#1643,.T.);
#1012=EDGE_CURVE('',#1359,#1358,#1644,.T.);
#1013=EDGE_CURVE('',#1359,#1360,#1645,.T.);
#1014=EDGE_CURVE('',#1360,#1361,#1646,.T.);
#1015=EDGE_CURVE('',#1361,#1352,#27,.T.);
#1016=EDGE_CURVE('',#1362,#1363,#1647,.T.);
#1017=EDGE_CURVE('',#1363,#1364,#28,.T.);
#1018=EDGE_CURVE('',#1364,#1365,#1648,.T.);
#1019=EDGE_CURVE('',#1365,#1366,#1649,.T.);
#1020=EDGE_CURVE('',#1367,#1366,#1650,.T.);
#1021=EDGE_CURVE('',#1367,#1368,#1651,.T.);
#1022=EDGE_CURVE('',#1368,#1369,#1652,.T.);
#1023=EDGE_CURVE('',#1370,#1369,#29,.T.);
#1024=EDGE_CURVE('',#1370,#1371,#1653,.T.);
#1025=EDGE_CURVE('',#1362,#1371,#1654,.T.);
#1026=EDGE_CURVE('',#1372,#1373,#1655,.T.);
#1027=EDGE_CURVE('',#1373,#1374,#1656,.T.);
#1028=EDGE_CURVE('',#1374,#1375,#30,.T.);
#1029=EDGE_CURVE('',#1375,#1376,#1657,.T.);
#1030=EDGE_CURVE('',#1377,#1376,#1658,.T.);
#1031=EDGE_CURVE('',#1377,#1378,#1659,.T.);
#1032=EDGE_CURVE('',#1379,#1378,#31,.T.);
#1033=EDGE_CURVE('',#1379,#1380,#1660,.T.);
#1034=EDGE_CURVE('',#1380,#1381,#1661,.T.);
#1035=EDGE_CURVE('',#1381,#1372,#1662,.T.);
#1036=EDGE_CURVE('',#1382,#1383,#1663,.T.);
#1037=EDGE_CURVE('',#1383,#1384,#1664,.T.);
#1038=EDGE_CURVE('',#1384,#1385,#1665,.T.);
#1039=EDGE_CURVE('',#1385,#1386,#1666,.T.);
#1040=EDGE_CURVE('',#1387,#1386,#32,.T.);
#1041=EDGE_CURVE('',#1387,#1388,#1667,.T.);
#1042=EDGE_CURVE('',#1388,#1389,#1668,.T.);
#1043=EDGE_CURVE('',#1389,#1390,#1669,.T.);
#1044=EDGE_CURVE('',#1390,#1391,#33,.T.);
#1045=EDGE_CURVE('',#1391,#1382,#1670,.T.);
#1046=EDGE_CURVE('',#1392,#1393,#1671,.T.);
#1047=EDGE_CURVE('',#1393,#1394,#1672,.T.);
#1048=EDGE_CURVE('',#1394,#1395,#34,.T.);
#1049=EDGE_CURVE('',#1395,#1396,#1673,.T.);
#1050=EDGE_CURVE('',#1397,#1396,#1674,.T.);
#1051=EDGE_CURVE('',#1397,#1398,#1675,.T.);
#1052=EDGE_CURVE('',#1399,#1398,#35,.T.);
#1053=EDGE_CURVE('',#1399,#1400,#1676,.T.);
#1054=EDGE_CURVE('',#1400,#1401,#1677,.T.);
#1055=EDGE_CURVE('',#1401,#1392,#1678,.T.);
#1056=EDGE_CURVE('',#1402,#1403,#1679,.T.);
#1057=EDGE_CURVE('',#1403,#1404,#1680,.T.);
#1058=EDGE_CURVE('',#1404,#1405,#1681,.T.);
#1059=EDGE_CURVE('',#1405,#1406,#1682,.T.);
#1060=EDGE_CURVE('',#1407,#1406,#36,.T.);
#1061=EDGE_CURVE('',#1407,#1408,#1683,.T.);
#1062=EDGE_CURVE('',#1408,#1409,#1684,.T.);
#1063=EDGE_CURVE('',#1409,#1410,#1685,.T.);
#1064=EDGE_CURVE('',#1410,#1411,#37,.T.);
#1065=EDGE_CURVE('',#1411,#1402,#1686,.T.);
#1066=EDGE_CURVE('',#1412,#1413,#1687,.T.);
#1067=EDGE_CURVE('',#1414,#1412,#1688,.T.);
#1068=EDGE_CURVE('',#1415,#1414,#1689,.T.);
#1069=EDGE_CURVE('',#1416,#1415,#1690,.T.);
#1070=EDGE_CURVE('',#1417,#1416,#1691,.T.);
#1071=EDGE_CURVE('',#1418,#1417,#1692,.T.);
#1072=EDGE_CURVE('',#1419,#1418,#1693,.T.);
#1073=EDGE_CURVE('',#1419,#1420,#38,.T.);
#1074=EDGE_CURVE('',#1421,#1420,#1694,.T.);
#1075=EDGE_CURVE('',#1422,#1421,#1695,.T.);
#1076=EDGE_CURVE('',#1423,#1422,#1696,.T.);
#1077=EDGE_CURVE('',#1424,#1423,#1697,.T.);
#1078=EDGE_CURVE('',#1425,#1424,#1698,.T.);
#1079=EDGE_CURVE('',#1426,#1425,#39,.T.);
#1080=EDGE_CURVE('',#1427,#1426,#1699,.T.);
#1081=EDGE_CURVE('',#1428,#1427,#1700,.T.);
#1082=EDGE_CURVE('',#1429,#1428,#1701,.T.);
#1083=EDGE_CURVE('',#1430,#1429,#40,.T.);
#1084=EDGE_CURVE('',#1431,#1430,#1702,.T.);
#1085=EDGE_CURVE('',#1432,#1431,#1703,.T.);
#1086=EDGE_CURVE('',#1433,#1432,#1704,.T.);
#1087=EDGE_CURVE('',#1434,#1433,#1705,.T.);
#1088=EDGE_CURVE('',#1435,#1434,#1706,.T.);
#1089=EDGE_CURVE('',#1435,#1436,#41,.T.);
#1090=EDGE_CURVE('',#1437,#1436,#1707,.T.);
#1091=EDGE_CURVE('',#1438,#1437,#1708,.T.);
#1092=EDGE_CURVE('',#1439,#1438,#1709,.T.);
#1093=EDGE_CURVE('',#1413,#1439,#1710,.T.);
#1094=EDGE_CURVE('',#1440,#1441,#1711,.T.);
#1095=EDGE_CURVE('',#1442,#1441,#42,.T.);
#1096=EDGE_CURVE('',#1442,#1443,#1712,.T.);
#1097=EDGE_CURVE('',#1443,#1444,#1713,.T.);
#1098=EDGE_CURVE('',#1444,#1445,#1714,.T.);
#1099=EDGE_CURVE('',#1445,#1446,#1715,.T.);
#1100=EDGE_CURVE('',#1446,#1447,#1716,.T.);
#1101=EDGE_CURVE('',#1447,#1448,#43,.T.);
#1102=EDGE_CURVE('',#1448,#1449,#1717,.T.);
#1103=EDGE_CURVE('',#1449,#1450,#1718,.T.);
#1104=EDGE_CURVE('',#1450,#1451,#1719,.T.);
#1105=EDGE_CURVE('',#1451,#1452,#44,.T.);
#1106=EDGE_CURVE('',#1452,#1453,#1720,.T.);
#1107=EDGE_CURVE('',#1453,#1454,#1721,.T.);
#1108=EDGE_CURVE('',#1454,#1455,#1722,.T.);
#1109=EDGE_CURVE('',#1455,#1456,#1723,.T.);
#1110=EDGE_CURVE('',#1456,#1457,#1724,.T.);
#1111=EDGE_CURVE('',#1458,#1457,#45,.T.);
#1112=EDGE_CURVE('',#1458,#1459,#1725,.T.);
#1113=EDGE_CURVE('',#1459,#1460,#1726,.T.);
#1114=EDGE_CURVE('',#1460,#1461,#1727,.T.);
#1115=EDGE_CURVE('',#1461,#1462,#1728,.T.);
#1116=EDGE_CURVE('',#1462,#1463,#1729,.T.);
#1117=EDGE_CURVE('',#1463,#1464,#1730,.T.);
#1118=EDGE_CURVE('',#1464,#1465,#1731,.T.);
#1119=EDGE_CURVE('',#1465,#1466,#1732,.T.);
#1120=EDGE_CURVE('',#1466,#1467,#1733,.T.);
#1121=EDGE_CURVE('',#1467,#1440,#1734,.T.);
#1122=EDGE_CURVE('',#1463,#1304,#1735,.T.);
#1123=EDGE_CURVE('',#1303,#1296,#1736,.T.);
#1124=EDGE_CURVE('',#1301,#1286,#1737,.T.);
#1125=EDGE_CURVE('',#1285,#1290,#1738,.T.);
#1126=EDGE_CURVE('',#1295,#1414,#1739,.T.);
#1127=EDGE_CURVE('',#1310,#1412,#1740,.T.);
#1128=EDGE_CURVE('',#1309,#1314,#1741,.T.);
#1129=EDGE_CURVE('',#1322,#1319,#1742,.T.);
#1130=EDGE_CURVE('',#1321,#1326,#1743,.T.);
#1131=EDGE_CURVE('',#1464,#1331,#1744,.T.);
#1132=EDGE_CURVE('',#1376,#1409,#1745,.T.);
#1133=EDGE_CURVE('',#1408,#1397,#1746,.T.);
#1134=EDGE_CURVE('',#1396,#1428,#1747,.T.);
#1135=EDGE_CURVE('',#1362,#1427,#1748,.T.);
#1136=EDGE_CURVE('',#1371,#1354,#1749,.T.);
#1137=EDGE_CURVE('',#1332,#1353,#1750,.T.);
#1138=EDGE_CURVE('',#1341,#1344,#1751,.T.);
#1139=EDGE_CURVE('',#1450,#1343,#1752,.T.);
#1140=EDGE_CURVE('',#1449,#1389,#1753,.T.);
#1141=EDGE_CURVE('',#1388,#1377,#1754,.T.);
#1142=EDGE_CURVE('',#1400,#1434,#1755,.T.);
#1143=EDGE_CURVE('',#1401,#1433,#1756,.T.);
#1144=EDGE_CURVE('',#1380,#1405,#1757,.T.);
#1145=EDGE_CURVE('',#1381,#1404,#1758,.T.);
#1146=EDGE_CURVE('',#1444,#1384,#1759,.T.);
#1147=EDGE_CURVE('',#1443,#1385,#1760,.T.);
#1148=EDGE_CURVE('',#1399,#1435,#1761,.T.);
#1149=EDGE_CURVE('',#1379,#1406,#1762,.T.);
#1150=EDGE_CURVE('',#1442,#1386,#1763,.T.);
#1151=EDGE_CURVE('',#1398,#1436,#1764,.T.);
#1152=EDGE_CURVE('',#1378,#1407,#1765,.T.);
#1153=EDGE_CURVE('',#1441,#1387,#1766,.T.);
#1154=EDGE_CURVE('',#1370,#1419,#1767,.T.);
#1155=EDGE_CURVE('',#1369,#1420,#1768,.T.);
#1156=EDGE_CURVE('',#1340,#1355,#1769,.T.);
#1157=EDGE_CURVE('',#1339,#1356,#1770,.T.);
#1158=EDGE_CURVE('',#1457,#1346,#1771,.T.);
#1159=EDGE_CURVE('',#1458,#1345,#1772,.T.);
#1160=EDGE_CURVE('',#1368,#1421,#1773,.T.);
#1161=EDGE_CURVE('',#1338,#1357,#1774,.T.);
#1162=EDGE_CURVE('',#1456,#1347,#1775,.T.);
#1163=EDGE_CURVE('',#1367,#1422,#1776,.T.);
#1164=EDGE_CURVE('',#1337,#1358,#1777,.T.);
#1165=EDGE_CURVE('',#1455,#1348,#1778,.T.);
#1166=EDGE_CURVE('',#1366,#1423,#1779,.T.);
#1167=EDGE_CURVE('',#1336,#1359,#1780,.T.);
#1168=EDGE_CURVE('',#1454,#1349,#1781,.T.);
#1169=EDGE_CURVE('',#1365,#1424,#1782,.T.);
#1170=EDGE_CURVE('',#1335,#1360,#1783,.T.);
#1171=EDGE_CURVE('',#1453,#1350,#1784,.T.);
#1172=EDGE_CURVE('',#1364,#1425,#1785,.T.);
#1173=EDGE_CURVE('',#1334,#1361,#1786,.T.);
#1174=EDGE_CURVE('',#1452,#1351,#1787,.T.);
#1175=EDGE_CURVE('',#1363,#1426,#1788,.T.);
#1176=EDGE_CURVE('',#1333,#1352,#1789,.T.);
#1177=EDGE_CURVE('',#1451,#1342,#1790,.T.);
#1178=EDGE_CURVE('',#1395,#1429,#1791,.T.);
#1179=EDGE_CURVE('',#1375,#1410,#1792,.T.);
#1180=EDGE_CURVE('',#1448,#1390,#1793,.T.);
#1181=EDGE_CURVE('',#1394,#1430,#1794,.T.);
#1182=EDGE_CURVE('',#1374,#1411,#1795,.T.);
#1183=EDGE_CURVE('',#1447,#1391,#1796,.T.);
#1184=EDGE_CURVE('',#1393,#1431,#1797,.T.);
#1185=EDGE_CURVE('',#1373,#1402,#1798,.T.);
#1186=EDGE_CURVE('',#1446,#1382,#1799,.T.);
#1187=EDGE_CURVE('',#1392,#1432,#1800,.T.);
#1188=EDGE_CURVE('',#1372,#1403,#1801,.T.);
#1189=EDGE_CURVE('',#1445,#1383,#1802,.T.);
#1190=EDGE_CURVE('',#1440,#1327,#1803,.T.);
#1191=EDGE_CURVE('',#1467,#1328,#1804,.T.);
#1192=EDGE_CURVE('',#1320,#1315,#1805,.T.);
#1193=EDGE_CURVE('',#1325,#1316,#1806,.T.);
#1194=EDGE_CURVE('',#1313,#1438,#1807,.T.);
#1195=EDGE_CURVE('',#1308,#1437,#1808,.T.);
#1196=EDGE_CURVE('',#1466,#1329,#1809,.T.);
#1197=EDGE_CURVE('',#1324,#1317,#1810,.T.);
#1198=EDGE_CURVE('',#1312,#1439,#1811,.T.);
#1199=EDGE_CURVE('',#1465,#1330,#1812,.T.);
#1200=EDGE_CURVE('',#1323,#1318,#1813,.T.);
#1201=EDGE_CURVE('',#1311,#1413,#1814,.T.);
#1202=EDGE_CURVE('',#1462,#1305,#1815,.T.);
#1203=EDGE_CURVE('',#1300,#1287,#1816,.T.);
#1204=EDGE_CURVE('',#1294,#1415,#1817,.T.);
#1205=EDGE_CURVE('',#1461,#1306,#1818,.T.);
#1206=EDGE_CURVE('',#1299,#1288,#1819,.T.);
#1207=EDGE_CURVE('',#1293,#1416,#1820,.T.);
#1208=EDGE_CURVE('',#1460,#1307,#1821,.T.);
#1209=EDGE_CURVE('',#1298,#1289,#1822,.T.);
#1210=EDGE_CURVE('',#1292,#1417,#1823,.T.);
#1211=EDGE_CURVE('',#1459,#1302,#1824,.T.);
#1212=EDGE_CURVE('',#1297,#1284,#1825,.T.);
#1213=EDGE_CURVE('',#1291,#1418,#1826,.T.);
#1214=VERTEX_POINT('',#3611);
#1215=VERTEX_POINT('',#3612);
#1216=VERTEX_POINT('',#3614);
#1217=VERTEX_POINT('',#3618);
#1218=VERTEX_POINT('',#3620);
#1219=VERTEX_POINT('',#3624);
#1220=VERTEX_POINT('',#3628);
#1221=VERTEX_POINT('',#3629);
#1222=VERTEX_POINT('',#3631);
#1223=VERTEX_POINT('',#3635);
#1224=VERTEX_POINT('',#3636);
#1225=VERTEX_POINT('',#3641);
#1226=VERTEX_POINT('',#3650);
#1227=VERTEX_POINT('',#3651);
#1228=VERTEX_POINT('',#3653);
#1229=VERTEX_POINT('',#3655);
#1230=VERTEX_POINT('',#3659);
#1231=VERTEX_POINT('',#3661);
#1232=VERTEX_POINT('',#3665);
#1233=VERTEX_POINT('',#3667);
#1234=VERTEX_POINT('',#3671);
#1235=VERTEX_POINT('',#3672);
#1236=VERTEX_POINT('',#3674);
#1237=VERTEX_POINT('',#3676);
#1238=VERTEX_POINT('',#3680);
#1239=VERTEX_POINT('',#3682);
#1240=VERTEX_POINT('',#3686);
#1241=VERTEX_POINT('',#3687);
#1242=VERTEX_POINT('',#3689);
#1243=VERTEX_POINT('',#3691);
#1244=VERTEX_POINT('',#3695);
#1245=VERTEX_POINT('',#3697);
#1246=VERTEX_POINT('',#3701);
#1247=VERTEX_POINT('',#3702);
#1248=VERTEX_POINT('',#3704);
#1249=VERTEX_POINT('',#3706);
#1250=VERTEX_POINT('',#3710);
#1251=VERTEX_POINT('',#3711);
#1252=VERTEX_POINT('',#3716);
#1253=VERTEX_POINT('',#3720);
#1254=VERTEX_POINT('',#3726);
#1255=VERTEX_POINT('',#3727);
#1256=VERTEX_POINT('',#3729);
#1257=VERTEX_POINT('',#3733);
#1258=VERTEX_POINT('',#3734);
#1259=VERTEX_POINT('',#3739);
#1260=VERTEX_POINT('',#3743);
#1261=VERTEX_POINT('',#3745);
#1262=VERTEX_POINT('',#3749);
#1263=VERTEX_POINT('',#3753);
#1264=VERTEX_POINT('',#3759);
#1265=VERTEX_POINT('',#3760);
#1266=VERTEX_POINT('',#3762);
#1267=VERTEX_POINT('',#3765);
#1268=VERTEX_POINT('',#3767);
#1269=VERTEX_POINT('',#3769);
#1270=VERTEX_POINT('',#3773);
#1271=VERTEX_POINT('',#3775);
#1272=VERTEX_POINT('',#3777);
#1273=VERTEX_POINT('',#3779);
#1274=VERTEX_POINT('',#3781);
#1275=VERTEX_POINT('',#3783);
#1276=VERTEX_POINT('',#3794);
#1277=VERTEX_POINT('',#3796);
#1278=VERTEX_POINT('',#3800);
#1279=VERTEX_POINT('',#3802);
#1280=VERTEX_POINT('',#3805);
#1281=VERTEX_POINT('',#3807);
#1282=VERTEX_POINT('',#3815);
#1283=VERTEX_POINT('',#3817);
#1284=VERTEX_POINT('',#3832);
#1285=VERTEX_POINT('',#3833);
#1286=VERTEX_POINT('',#3835);
#1287=VERTEX_POINT('',#3837);
#1288=VERTEX_POINT('',#3839);
#1289=VERTEX_POINT('',#3841);
#1290=VERTEX_POINT('',#3845);
#1291=VERTEX_POINT('',#3846);
#1292=VERTEX_POINT('',#3848);
#1293=VERTEX_POINT('',#3850);
#1294=VERTEX_POINT('',#3852);
#1295=VERTEX_POINT('',#3854);
#1296=VERTEX_POINT('',#3858);
#1297=VERTEX_POINT('',#3859);
#1298=VERTEX_POINT('',#3861);
#1299=VERTEX_POINT('',#3863);
#1300=VERTEX_POINT('',#3865);
#1301=VERTEX_POINT('',#3867);
#1302=VERTEX_POINT('',#3871);
#1303=VERTEX_POINT('',#3872);
#1304=VERTEX_POINT('',#3874);
#1305=VERTEX_POINT('',#3876);
#1306=VERTEX_POINT('',#3878);
#1307=VERTEX_POINT('',#3880);
#1308=VERTEX_POINT('',#3884);
#1309=VERTEX_POINT('',#3885);
#1310=VERTEX_POINT('',#3887);
#1311=VERTEX_POINT('',#3889);
#1312=VERTEX_POINT('',#3891);
#1313=VERTEX_POINT('',#3893);
#1314=VERTEX_POINT('',#3897);
#1315=VERTEX_POINT('',#3898);
#1316=VERTEX_POINT('',#3900);
#1317=VERTEX_POINT('',#3902);
#1318=VERTEX_POINT('',#3904);
#1319=VERTEX_POINT('',#3906);
#1320=VERTEX_POINT('',#3910);
#1321=VERTEX_POINT('',#3911);
#1322=VERTEX_POINT('',#3913);
#1323=VERTEX_POINT('',#3915);
#1324=VERTEX_POINT('',#3917);
#1325=VERTEX_POINT('',#3919);
#1326=VERTEX_POINT('',#3923);
#1327=VERTEX_POINT('',#3924);
#1328=VERTEX_POINT('',#3926);
#1329=VERTEX_POINT('',#3928);
#1330=VERTEX_POINT('',#3930);
#1331=VERTEX_POINT('',#3932);
#1332=VERTEX_POINT('',#3936);
#1333=VERTEX_POINT('',#3937);
#1334=VERTEX_POINT('',#3939);
#1335=VERTEX_POINT('',#3941);
#1336=VERTEX_POINT('',#3943);
#1337=VERTEX_POINT('',#3945);
#1338=VERTEX_POINT('',#3947);
#1339=VERTEX_POINT('',#3949);
#1340=VERTEX_POINT('',#3951);
#1341=VERTEX_POINT('',#3953);
#1342=VERTEX_POINT('',#3957);
#1343=VERTEX_POINT('',#3958);
#1344=VERTEX_POINT('',#3960);
#1345=VERTEX_POINT('',#3962);
#1346=VERTEX_POINT('',#3964);
#1347=VERTEX_POINT('',#3966);
#1348=VERTEX_POINT('',#3968);
#1349=VERTEX_POINT('',#3970);
#1350=VERTEX_POINT('',#3972);
#1351=VERTEX_POINT('',#3974);
#1352=VERTEX_POINT('',#3978);
#1353=VERTEX_POINT('',#3979);
#1354=VERTEX_POINT('',#3981);
#1355=VERTEX_POINT('',#3983);
#1356=VERTEX_POINT('',#3985);
#1357=VERTEX_POINT('',#3987);
#1358=VERTEX_POINT('',#3989);
#1359=VERTEX_POINT('',#3991);
#1360=VERTEX_POINT('',#3993);
#1361=VERTEX_POINT('',#3995);
#1362=VERTEX_POINT('',#3999);
#1363=VERTEX_POINT('',#4000);
#1364=VERTEX_POINT('',#4002);
#1365=VERTEX_POINT('',#4004);
#1366=VERTEX_POINT('',#4006);
#1367=VERTEX_POINT('',#4008);
#1368=VERTEX_POINT('',#4010);
#1369=VERTEX_POINT('',#4012);
#1370=VERTEX_POINT('',#4014);
#1371=VERTEX_POINT('',#4016);
#1372=VERTEX_POINT('',#4020);
#1373=VERTEX_POINT('',#4021);
#1374=VERTEX_POINT('',#4023);
#1375=VERTEX_POINT('',#4025);
#1376=VERTEX_POINT('',#4027);
#1377=VERTEX_POINT('',#4029);
#1378=VERTEX_POINT('',#4031);
#1379=VERTEX_POINT('',#4033);
#1380=VERTEX_POINT('',#4035);
#1381=VERTEX_POINT('',#4037);
#1382=VERTEX_POINT('',#4041);
#1383=VERTEX_POINT('',#4042);
#1384=VERTEX_POINT('',#4044);
#1385=VERTEX_POINT('',#4046);
#1386=VERTEX_POINT('',#4048);
#1387=VERTEX_POINT('',#4050);
#1388=VERTEX_POINT('',#4052);
#1389=VERTEX_POINT('',#4054);
#1390=VERTEX_POINT('',#4056);
#1391=VERTEX_POINT('',#4058);
#1392=VERTEX_POINT('',#4062);
#1393=VERTEX_POINT('',#4063);
#1394=VERTEX_POINT('',#4065);
#1395=VERTEX_POINT('',#4067);
#1396=VERTEX_POINT('',#4069);
#1397=VERTEX_POINT('',#4071);
#1398=VERTEX_POINT('',#4073);
#1399=VERTEX_POINT('',#4075);
#1400=VERTEX_POINT('',#4077);
#1401=VERTEX_POINT('',#4079);
#1402=VERTEX_POINT('',#4083);
#1403=VERTEX_POINT('',#4084);
#1404=VERTEX_POINT('',#4086);
#1405=VERTEX_POINT('',#4088);
#1406=VERTEX_POINT('',#4090);
#1407=VERTEX_POINT('',#4092);
#1408=VERTEX_POINT('',#4094);
#1409=VERTEX_POINT('',#4096);
#1410=VERTEX_POINT('',#4098);
#1411=VERTEX_POINT('',#4100);
#1412=VERTEX_POINT('',#4104);
#1413=VERTEX_POINT('',#4105);
#1414=VERTEX_POINT('',#4107);
#1415=VERTEX_POINT('',#4109);
#1416=VERTEX_POINT('',#4111);
#1417=VERTEX_POINT('',#4113);
#1418=VERTEX_POINT('',#4115);
#1419=VERTEX_POINT('',#4117);
#1420=VERTEX_POINT('',#4119);
#1421=VERTEX_POINT('',#4121);
#1422=VERTEX_POINT('',#4123);
#1423=VERTEX_POINT('',#4125);
#1424=VERTEX_POINT('',#4127);
#1425=VERTEX_POINT('',#4129);
#1426=VERTEX_POINT('',#4131);
#1427=VERTEX_POINT('',#4133);
#1428=VERTEX_POINT('',#4135);
#1429=VERTEX_POINT('',#4137);
#1430=VERTEX_POINT('',#4139);
#1431=VERTEX_POINT('',#4141);
#1432=VERTEX_POINT('',#4143);
#1433=VERTEX_POINT('',#4145);
#1434=VERTEX_POINT('',#4147);
#1435=VERTEX_POINT('',#4149);
#1436=VERTEX_POINT('',#4151);
#1437=VERTEX_POINT('',#4153);
#1438=VERTEX_POINT('',#4155);
#1439=VERTEX_POINT('',#4157);
#1440=VERTEX_POINT('',#4161);
#1441=VERTEX_POINT('',#4162);
#1442=VERTEX_POINT('',#4164);
#1443=VERTEX_POINT('',#4166);
#1444=VERTEX_POINT('',#4168);
#1445=VERTEX_POINT('',#4170);
#1446=VERTEX_POINT('',#4172);
#1447=VERTEX_POINT('',#4174);
#1448=VERTEX_POINT('',#4176);
#1449=VERTEX_POINT('',#4178);
#1450=VERTEX_POINT('',#4180);
#1451=VERTEX_POINT('',#4182);
#1452=VERTEX_POINT('',#4184);
#1453=VERTEX_POINT('',#4186);
#1454=VERTEX_POINT('',#4188);
#1455=VERTEX_POINT('',#4190);
#1456=VERTEX_POINT('',#4192);
#1457=VERTEX_POINT('',#4194);
#1458=VERTEX_POINT('',#4196);
#1459=VERTEX_POINT('',#4198);
#1460=VERTEX_POINT('',#4200);
#1461=VERTEX_POINT('',#4202);
#1462=VERTEX_POINT('',#4204);
#1463=VERTEX_POINT('',#4206);
#1464=VERTEX_POINT('',#4208);
#1465=VERTEX_POINT('',#4210);
#1466=VERTEX_POINT('',#4212);
#1467=VERTEX_POINT('',#4214);
#1468=LINE('',#3610,#1827);
#1469=LINE('',#3613,#1828);
#1470=LINE('',#3615,#1829);
#1471=LINE('',#3617,#1830);
#1472=LINE('',#3619,#1831);
#1473=LINE('',#3621,#1832);
#1474=LINE('',#3623,#1833);
#1475=LINE('',#3625,#1834);
#1476=LINE('',#3627,#1835);
#1477=LINE('',#3630,#1836);
#1478=LINE('',#3632,#1837);
#1479=LINE('',#3634,#1838);
#1480=LINE('',#3637,#1839);
#1481=LINE('',#3638,#1840);
#1482=LINE('',#3640,#1841);
#1483=LINE('',#3642,#1842);
#1484=LINE('',#3644,#1843);
#1485=LINE('',#3645,#1844);
#1486=LINE('',#3649,#1845);
#1487=LINE('',#3652,#1846);
#1488=LINE('',#3654,#1847);
#1489=LINE('',#3656,#1848);
#1490=LINE('',#3658,#1849);
#1491=LINE('',#3660,#1850);
#1492=LINE('',#3662,#1851);
#1493=LINE('',#3664,#1852);
#1494=LINE('',#3666,#1853);
#1495=LINE('',#3668,#1854);
#1496=LINE('',#3670,#1855);
#1497=LINE('',#3673,#1856);
#1498=LINE('',#3675,#1857);
#1499=LINE('',#3677,#1858);
#1500=LINE('',#3679,#1859);
#1501=LINE('',#3681,#1860);
#1502=LINE('',#3683,#1861);
#1503=LINE('',#3685,#1862);
#1504=LINE('',#3688,#1863);
#1505=LINE('',#3690,#1864);
#1506=LINE('',#3692,#1865);
#1507=LINE('',#3694,#1866);
#1508=LINE('',#3696,#1867);
#1509=LINE('',#3698,#1868);
#1510=LINE('',#3700,#1869);
#1511=LINE('',#3703,#1870);
#1512=LINE('',#3705,#1871);
#1513=LINE('',#3707,#1872);
#1514=LINE('',#3709,#1873);
#1515=LINE('',#3712,#1874);
#1516=LINE('',#3713,#1875);
#1517=LINE('',#3715,#1876);
#1518=LINE('',#3717,#1877);
#1519=LINE('',#3719,#1878);
#1520=LINE('',#3721,#1879);
#1521=LINE('',#3723,#1880);
#1522=LINE('',#3725,#1881);
#1523=LINE('',#3728,#1882);
#1524=LINE('',#3730,#1883);
#1525=LINE('',#3732,#1884);
#1526=LINE('',#3735,#1885);
#1527=LINE('',#3736,#1886);
#1528=LINE('',#3738,#1887);
#1529=LINE('',#3740,#1888);
#1530=LINE('',#3742,#1889);
#1531=LINE('',#3744,#1890);
#1532=LINE('',#3746,#1891);
#1533=LINE('',#3748,#1892);
#1534=LINE('',#3750,#1893);
#1535=LINE('',#3752,#1894);
#1536=LINE('',#3754,#1895);
#1537=LINE('',#3756,#1896);
#1538=LINE('',#3758,#1897);
#1539=LINE('',#3761,#1898);
#1540=LINE('',#3763,#1899);
#1541=LINE('',#3764,#1900);
#1542=LINE('',#3766,#1901);
#1543=LINE('',#3768,#1902);
#1544=LINE('',#3770,#1903);
#1545=LINE('',#3772,#1904);
#1546=LINE('',#3774,#1905);
#1547=LINE('',#3776,#1906);
#1548=LINE('',#3778,#1907);
#1549=LINE('',#3780,#1908);
#1550=LINE('',#3782,#1909);
#1551=LINE('',#3784,#1910);
#1552=LINE('',#3786,#1911);
#1553=LINE('',#3787,#1912);
#1554=LINE('',#3789,#1913);
#1555=LINE('',#3791,#1914);
#1556=LINE('',#3793,#1915);
#1557=LINE('',#3795,#1916);
#1558=LINE('',#3797,#1917);
#1559=LINE('',#3799,#1918);
#1560=LINE('',#3801,#1919);
#1561=LINE('',#3803,#1920);
#1562=LINE('',#3804,#1921);
#1563=LINE('',#3806,#1922);
#1564=LINE('',#3808,#1923);
#1565=LINE('',#3810,#1924);
#1566=LINE('',#3811,#1925);
#1567=LINE('',#3814,#1926);
#1568=LINE('',#3816,#1927);
#1569=LINE('',#3818,#1928);
#1570=LINE('',#3820,#1929);
#1571=LINE('',#3821,#1930);
#1572=LINE('',#3823,#1931);
#1573=LINE('',#3824,#1932);
#1574=LINE('',#3825,#1933);
#1575=LINE('',#3831,#1934);
#1576=LINE('',#3834,#1935);
#1577=LINE('',#3836,#1936);
#1578=LINE('',#3838,#1937);
#1579=LINE('',#3840,#1938);
#1580=LINE('',#3842,#1939);
#1581=LINE('',#3844,#1940);
#1582=LINE('',#3847,#1941);
#1583=LINE('',#3849,#1942);
#1584=LINE('',#3851,#1943);
#1585=LINE('',#3853,#1944);
#1586=LINE('',#3855,#1945);
#1587=LINE('',#3857,#1946);
#1588=LINE('',#3860,#1947);
#1589=LINE('',#3862,#1948);
#1590=LINE('',#3864,#1949);
#1591=LINE('',#3866,#1950);
#1592=LINE('',#3868,#1951);
#1593=LINE('',#3870,#1952);
#1594=LINE('',#3873,#1953);
#1595=LINE('',#3875,#1954);
#1596=LINE('',#3877,#1955);
#1597=LINE('',#3879,#1956);
#1598=LINE('',#3881,#1957);
#1599=LINE('',#3883,#1958);
#1600=LINE('',#3886,#1959);
#1601=LINE('',#3888,#1960);
#1602=LINE('',#3890,#1961);
#1603=LINE('',#3892,#1962);
#1604=LINE('',#3894,#1963);
#1605=LINE('',#3896,#1964);
#1606=LINE('',#3899,#1965);
#1607=LINE('',#3901,#1966);
#1608=LINE('',#3903,#1967);
#1609=LINE('',#3905,#1968);
#1610=LINE('',#3907,#1969);
#1611=LINE('',#3909,#1970);
#1612=LINE('',#3912,#1971);
#1613=LINE('',#3914,#1972);
#1614=LINE('',#3916,#1973);
#1615=LINE('',#3918,#1974);
#1616=LINE('',#3920,#1975);
#1617=LINE('',#3922,#1976);
#1618=LINE('',#3925,#1977);
#1619=LINE('',#3927,#1978);
#1620=LINE('',#3929,#1979);
#1621=LINE('',#3931,#1980);
#1622=LINE('',#3933,#1981);
#1623=LINE('',#3935,#1982);
#1624=LINE('',#3940,#1983);
#1625=LINE('',#3942,#1984);
#1626=LINE('',#3944,#1985);
#1627=LINE('',#3946,#1986);
#1628=LINE('',#3948,#1987);
#1629=LINE('',#3952,#1988);
#1630=LINE('',#3954,#1989);
#1631=LINE('',#3956,#1990);
#1632=LINE('',#3959,#1991);
#1633=LINE('',#3961,#1992);
#1634=LINE('',#3965,#1993);
#1635=LINE('',#3967,#1994);
#1636=LINE('',#3969,#1995);
#1637=LINE('',#3971,#1996);
#1638=LINE('',#3973,#1997);
#1639=LINE('',#3977,#1998);
#1640=LINE('',#3980,#1999);
#1641=LINE('',#3982,#2000);
#1642=LINE('',#3986,#2001);
#1643=LINE('',#3988,#2002);
#1644=LINE('',#3990,#2003);
#1645=LINE('',#3992,#2004);
#1646=LINE('',#3994,#2005);
#1647=LINE('',#3998,#2006);
#1648=LINE('',#4003,#2007);
#1649=LINE('',#4005,#2008);
#1650=LINE('',#4007,#2009);
#1651=LINE('',#4009,#2010);
#1652=LINE('',#4011,#2011);
#1653=LINE('',#4015,#2012);
#1654=LINE('',#4017,#2013);
#1655=LINE('',#4019,#2014);
#1656=LINE('',#4022,#2015);
#1657=LINE('',#4026,#2016);
#1658=LINE('',#4028,#2017);
#1659=LINE('',#4030,#2018);
#1660=LINE('',#4034,#2019);
#1661=LINE('',#4036,#2020);
#1662=LINE('',#4038,#2021);
#1663=LINE('',#4040,#2022);
#1664=LINE('',#4043,#2023);
#1665=LINE('',#4045,#2024);
#1666=LINE('',#4047,#2025);
#1667=LINE('',#4051,#2026);
#1668=LINE('',#4053,#2027);
#1669=LINE('',#4055,#2028);
#1670=LINE('',#4059,#2029);
#1671=LINE('',#4061,#2030);
#1672=LINE('',#4064,#2031);
#1673=LINE('',#4068,#2032);
#1674=LINE('',#4070,#2033);
#1675=LINE('',#4072,#2034);
#1676=LINE('',#4076,#2035);
#1677=LINE('',#4078,#2036);
#1678=LINE('',#4080,#2037);
#1679=LINE('',#4082,#2038);
#1680=LINE('',#4085,#2039);
#1681=LINE('',#4087,#2040);
#1682=LINE('',#4089,#2041);
#1683=LINE('',#4093,#2042);
#1684=LINE('',#4095,#2043);
#1685=LINE('',#4097,#2044);
#1686=LINE('',#4101,#2045);
#1687=LINE('',#4103,#2046);
#1688=LINE('',#4106,#2047);
#1689=LINE('',#4108,#2048);
#1690=LINE('',#4110,#2049);
#1691=LINE('',#4112,#2050);
#1692=LINE('',#4114,#2051);
#1693=LINE('',#4116,#2052);
#1694=LINE('',#4120,#2053);
#1695=LINE('',#4122,#2054);
#1696=LINE('',#4124,#2055);
#1697=LINE('',#4126,#2056);
#1698=LINE('',#4128,#2057);
#1699=LINE('',#4132,#2058);
#1700=LINE('',#4134,#2059);
#1701=LINE('',#4136,#2060);
#1702=LINE('',#4140,#2061);
#1703=LINE('',#4142,#2062);
#1704=LINE('',#4144,#2063);
#1705=LINE('',#4146,#2064);
#1706=LINE('',#4148,#2065);
#1707=LINE('',#4152,#2066);
#1708=LINE('',#4154,#2067);
#1709=LINE('',#4156,#2068);
#1710=LINE('',#4158,#2069);
#1711=LINE('',#4160,#2070);
#1712=LINE('',#4165,#2071);
#1713=LINE('',#4167,#2072);
#1714=LINE('',#4169,#2073);
#1715=LINE('',#4171,#2074);
#1716=LINE('',#4173,#2075);
#1717=LINE('',#4177,#2076);
#1718=LINE('',#4179,#2077);
#1719=LINE('',#4181,#2078);
#1720=LINE('',#4185,#2079);
#1721=LINE('',#4187,#2080);
#1722=LINE('',#4189,#2081);
#1723=LINE('',#4191,#2082);
#1724=LINE('',#4193,#2083);
#1725=LINE('',#4197,#2084);
#1726=LINE('',#4199,#2085);
#1727=LINE('',#4201,#2086);
#1728=LINE('',#4203,#2087);
#1729=LINE('',#4205,#2088);
#1730=LINE('',#4207,#2089);
#1731=LINE('',#4209,#2090);
#1732=LINE('',#4211,#2091);
#1733=LINE('',#4213,#2092);
#1734=LINE('',#4215,#2093);
#1735=LINE('',#4217,#2094);
#1736=LINE('',#4218,#2095);
#1737=LINE('',#4219,#2096);
#1738=LINE('',#4220,#2097);
#1739=LINE('',#4221,#2098);
#1740=LINE('',#4222,#2099);
#1741=LINE('',#4223,#2100);
#1742=LINE('',#4224,#2101);
#1743=LINE('',#4225,#2102);
#1744=LINE('',#4226,#2103);
#1745=LINE('',#4228,#2104);
#1746=LINE('',#4229,#2105);
#1747=LINE('',#4230,#2106);
#1748=LINE('',#4231,#2107);
#1749=LINE('',#4232,#2108);
#1750=LINE('',#4233,#2109);
#1751=LINE('',#4234,#2110);
#1752=LINE('',#4235,#2111);
#1753=LINE('',#4236,#2112);
#1754=LINE('',#4237,#2113);
#1755=LINE('',#4239,#2114);
#1756=LINE('',#4240,#2115);
#1757=LINE('',#4242,#2116);
#1758=LINE('',#4243,#2117);
#1759=LINE('',#4245,#2118);
#1760=LINE('',#4246,#2119);
#1761=LINE('',#4248,#2120);
#1762=LINE('',#4250,#2121);
#1763=LINE('',#4252,#2122);
#1764=LINE('',#4254,#2123);
#1765=LINE('',#4256,#2124);
#1766=LINE('',#4258,#2125);
#1767=LINE('',#4260,#2126);
#1768=LINE('',#4261,#2127);
#1769=LINE('',#4263,#2128);
#1770=LINE('',#4264,#2129);
#1771=LINE('',#4266,#2130);
#1772=LINE('',#4267,#2131);
#1773=LINE('',#4269,#2132);
#1774=LINE('',#4271,#2133);
#1775=LINE('',#4273,#2134);
#1776=LINE('',#4275,#2135);
#1777=LINE('',#4277,#2136);
#1778=LINE('',#4279,#2137);
#1779=LINE('',#4281,#2138);
#1780=LINE('',#4283,#2139);
#1781=LINE('',#4285,#2140);
#1782=LINE('',#4287,#2141);
#1783=LINE('',#4289,#2142);
#1784=LINE('',#4291,#2143);
#1785=LINE('',#4293,#2144);
#1786=LINE('',#4295,#2145);
#1787=LINE('',#4297,#2146);
#1788=LINE('',#4299,#2147);
#1789=LINE('',#4301,#2148);
#1790=LINE('',#4303,#2149);
#1791=LINE('',#4308,#2150);
#1792=LINE('',#4310,#2151);
#1793=LINE('',#4312,#2152);
#1794=LINE('',#4314,#2153);
#1795=LINE('',#4316,#2154);
#1796=LINE('',#4318,#2155);
#1797=LINE('',#4320,#2156);
#1798=LINE('',#4322,#2157);
#1799=LINE('',#4324,#2158);
#1800=LINE('',#4326,#2159);
#1801=LINE('',#4328,#2160);
#1802=LINE('',#4330,#2161);
#1803=LINE('',#4335,#2162);
#1804=LINE('',#4336,#2163);
#1805=LINE('',#4338,#2164);
#1806=LINE('',#4339,#2165);
#1807=LINE('',#4341,#2166);
#1808=LINE('',#4342,#2167);
#1809=LINE('',#4344,#2168);
#1810=LINE('',#4346,#2169);
#1811=LINE('',#4348,#2170);
#1812=LINE('',#4350,#2171);
#1813=LINE('',#4352,#2172);
#1814=LINE('',#4354,#2173);
#1815=LINE('',#4359,#2174);
#1816=LINE('',#4361,#2175);
#1817=LINE('',#4363,#2176);
#1818=LINE('',#4365,#2177);
#1819=LINE('',#4367,#2178);
#1820=LINE('',#4369,#2179);
#1821=LINE('',#4371,#2180);
#1822=LINE('',#4373,#2181);
#1823=LINE('',#4375,#2182);
#1824=LINE('',#4377,#2183);
#1825=LINE('',#4379,#2184);
#1826=LINE('',#4381,#2185);
#1827=VECTOR('',#2925,1.);
#1828=VECTOR('',#2926,1.);
#1829=VECTOR('',#2927,1.);
#1830=VECTOR('',#2930,1.);
#1831=VECTOR('',#2931,1.);
#1832=VECTOR('',#2932,1.);
#1833=VECTOR('',#2935,1.);
#1834=VECTOR('',#2936,1.);
#1835=VECTOR('',#2939,1.);
#1836=VECTOR('',#2940,1.);
#1837=VECTOR('',#2941,1.);
#1838=VECTOR('',#2944,1.);
#1839=VECTOR('',#2945,1.);
#1840=VECTOR('',#2946,1.);
#1841=VECTOR('',#2949,1.);
#1842=VECTOR('',#2950,1.);
#1843=VECTOR('',#2953,1.);
#1844=VECTOR('',#2954,1.);
#1845=VECTOR('',#2961,1.);
#1846=VECTOR('',#2962,1.);
#1847=VECTOR('',#2963,1.);
#1848=VECTOR('',#2964,1.);
#1849=VECTOR('',#2967,1.);
#1850=VECTOR('',#2968,1.);
#1851=VECTOR('',#2969,1.);
#1852=VECTOR('',#2972,1.);
#1853=VECTOR('',#2973,1.);
#1854=VECTOR('',#2974,1.);
#1855=VECTOR('',#2977,1.);
#1856=VECTOR('',#2978,1.);
#1857=VECTOR('',#2979,1.);
#1858=VECTOR('',#2980,1.);
#1859=VECTOR('',#2983,1.);
#1860=VECTOR('',#2984,1.);
#1861=VECTOR('',#2985,1.);
#1862=VECTOR('',#2988,1.);
#1863=VECTOR('',#2989,1.);
#1864=VECTOR('',#2990,1.);
#1865=VECTOR('',#2991,1.);
#1866=VECTOR('',#2994,1.);
#1867=VECTOR('',#2995,1.);
#1868=VECTOR('',#2996,1.);
#1869=VECTOR('',#2999,1.);
#1870=VECTOR('',#3000,1.);
#1871=VECTOR('',#3001,1.);
#1872=VECTOR('',#3002,1.);
#1873=VECTOR('',#3005,1.);
#1874=VECTOR('',#3006,1.);
#1875=VECTOR('',#3007,1.);
#1876=VECTOR('',#3010,1.);
#1877=VECTOR('',#3011,1.);
#1878=VECTOR('',#3014,1.);
#1879=VECTOR('',#3015,1.);
#1880=VECTOR('',#3018,1.);
#1881=VECTOR('',#3021,1.);
#1882=VECTOR('',#3022,1.);
#1883=VECTOR('',#3023,1.);
#1884=VECTOR('',#3026,1.);
#1885=VECTOR('',#3027,1.);
#1886=VECTOR('',#3028,1.);
#1887=VECTOR('',#3031,1.);
#1888=VECTOR('',#3032,1.);
#1889=VECTOR('',#3035,1.);
#1890=VECTOR('',#3036,1.);
#1891=VECTOR('',#3037,1.);
#1892=VECTOR('',#3040,1.);
#1893=VECTOR('',#3041,1.);
#1894=VECTOR('',#3044,1.);
#1895=VECTOR('',#3045,1.);
#1896=VECTOR('',#3048,1.);
#1897=VECTOR('',#3051,1.);
#1898=VECTOR('',#3052,1.);
#1899=VECTOR('',#3053,1.);
#1900=VECTOR('',#3054,1.);
#1901=VECTOR('',#3055,1.);
#1902=VECTOR('',#3056,1.);
#1903=VECTOR('',#3057,1.);
#1904=VECTOR('',#3060,1.);
#1905=VECTOR('',#3061,1.);
#1906=VECTOR('',#3062,1.);
#1907=VECTOR('',#3063,1.);
#1908=VECTOR('',#3064,1.);
#1909=VECTOR('',#3065,1.);
#1910=VECTOR('',#3066,1.);
#1911=VECTOR('',#3069,1.);
#1912=VECTOR('',#3070,1.);
#1913=VECTOR('',#3073,1.);
#1914=VECTOR('',#3076,1.);
#1915=VECTOR('',#3079,1.);
#1916=VECTOR('',#3080,1.);
#1917=VECTOR('',#3081,1.);
#1918=VECTOR('',#3084,1.);
#1919=VECTOR('',#3085,1.);
#1920=VECTOR('',#3086,1.);
#1921=VECTOR('',#3087,1.);
#1922=VECTOR('',#3088,1.);
#1923=VECTOR('',#3089,1.);
#1924=VECTOR('',#3092,1.);
#1925=VECTOR('',#3093,1.);
#1926=VECTOR('',#3098,1.);
#1927=VECTOR('',#3099,1.);
#1928=VECTOR('',#3100,1.);
#1929=VECTOR('',#3103,1.);
#1930=VECTOR('',#3104,1.);
#1931=VECTOR('',#3107,1.);
#1932=VECTOR('',#3108,1.);
#1933=VECTOR('',#3109,1.);
#1934=VECTOR('',#3120,1.);
#1935=VECTOR('',#3121,1.);
#1936=VECTOR('',#3122,1.);
#1937=VECTOR('',#3123,1.);
#1938=VECTOR('',#3124,1.);
#1939=VECTOR('',#3125,1.);
#1940=VECTOR('',#3128,1.);
#1941=VECTOR('',#3129,1.);
#1942=VECTOR('',#3130,1.);
#1943=VECTOR('',#3131,1.);
#1944=VECTOR('',#3132,1.);
#1945=VECTOR('',#3133,1.);
#1946=VECTOR('',#3136,1.);
#1947=VECTOR('',#3137,1.);
#1948=VECTOR('',#3138,1.);
#1949=VECTOR('',#3139,1.);
#1950=VECTOR('',#3140,1.);
#1951=VECTOR('',#3141,1.);
#1952=VECTOR('',#3144,1.);
#1953=VECTOR('',#3145,1.);
#1954=VECTOR('',#3146,1.);
#1955=VECTOR('',#3147,1.);
#1956=VECTOR('',#3148,1.);
#1957=VECTOR('',#3149,1.);
#1958=VECTOR('',#3152,1.);
#1959=VECTOR('',#3153,1.);
#1960=VECTOR('',#3154,1.);
#1961=VECTOR('',#3155,1.);
#1962=VECTOR('',#3156,1.);
#1963=VECTOR('',#3157,1.);
#1964=VECTOR('',#3160,1.);
#1965=VECTOR('',#3161,1.);
#1966=VECTOR('',#3162,1.);
#1967=VECTOR('',#3163,1.);
#1968=VECTOR('',#3164,1.);
#1969=VECTOR('',#3165,1.);
#1970=VECTOR('',#3168,1.);
#1971=VECTOR('',#3169,1.);
#1972=VECTOR('',#3170,1.);
#1973=VECTOR('',#3171,1.);
#1974=VECTOR('',#3172,1.);
#1975=VECTOR('',#3173,1.);
#1976=VECTOR('',#3176,1.);
#1977=VECTOR('',#3177,1.);
#1978=VECTOR('',#3178,1.);
#1979=VECTOR('',#3179,1.);
#1980=VECTOR('',#3180,1.);
#1981=VECTOR('',#3181,1.);
#1982=VECTOR('',#3184,1.);
#1983=VECTOR('',#3187,1.);
#1984=VECTOR('',#3188,1.);
#1985=VECTOR('',#3189,1.);
#1986=VECTOR('',#3190,1.);
#1987=VECTOR('',#3191,1.);
#1988=VECTOR('',#3194,1.);
#1989=VECTOR('',#3195,1.);
#1990=VECTOR('',#3198,1.);
#1991=VECTOR('',#3199,1.);
#1992=VECTOR('',#3200,1.);
#1993=VECTOR('',#3203,1.);
#1994=VECTOR('',#3204,1.);
#1995=VECTOR('',#3205,1.);
#1996=VECTOR('',#3206,1.);
#1997=VECTOR('',#3207,1.);
#1998=VECTOR('',#3212,1.);
#1999=VECTOR('',#3213,1.);
#2000=VECTOR('',#3214,1.);
#2001=VECTOR('',#3217,1.);
#2002=VECTOR('',#3218,1.);
#2003=VECTOR('',#3219,1.);
#2004=VECTOR('',#3220,1.);
#2005=VECTOR('',#3221,1.);
#2006=VECTOR('',#3226,1.);
#2007=VECTOR('',#3229,1.);
#2008=VECTOR('',#3230,1.);
#2009=VECTOR('',#3231,1.);
#2010=VECTOR('',#3232,1.);
#2011=VECTOR('',#3233,1.);
#2012=VECTOR('',#3236,1.);
#2013=VECTOR('',#3237,1.);
#2014=VECTOR('',#3240,1.);
#2015=VECTOR('',#3241,1.);
#2016=VECTOR('',#3244,1.);
#2017=VECTOR('',#3245,1.);
#2018=VECTOR('',#3246,1.);
#2019=VECTOR('',#3249,1.);
#2020=VECTOR('',#3250,1.);
#2021=VECTOR('',#3251,1.);
#2022=VECTOR('',#3254,1.);
#2023=VECTOR('',#3255,1.);
#2024=VECTOR('',#3256,1.);
#2025=VECTOR('',#3257,1.);
#2026=VECTOR('',#3260,1.);
#2027=VECTOR('',#3261,1.);
#2028=VECTOR('',#3262,1.);
#2029=VECTOR('',#3265,1.);
#2030=VECTOR('',#3268,1.);
#2031=VECTOR('',#3269,1.);
#2032=VECTOR('',#3272,1.);
#2033=VECTOR('',#3273,1.);
#2034=VECTOR('',#3274,1.);
#2035=VECTOR('',#3277,1.);
#2036=VECTOR('',#3278,1.);
#2037=VECTOR('',#3279,1.);
#2038=VECTOR('',#3282,1.);
#2039=VECTOR('',#3283,1.);
#2040=VECTOR('',#3284,1.);
#2041=VECTOR('',#3285,1.);
#2042=VECTOR('',#3288,1.);
#2043=VECTOR('',#3289,1.);
#2044=VECTOR('',#3290,1.);
#2045=VECTOR('',#3293,1.);
#2046=VECTOR('',#3296,1.);
#2047=VECTOR('',#3297,1.);
#2048=VECTOR('',#3298,1.);
#2049=VECTOR('',#3299,1.);
#2050=VECTOR('',#3300,1.);
#2051=VECTOR('',#3301,1.);
#2052=VECTOR('',#3302,1.);
#2053=VECTOR('',#3305,1.);
#2054=VECTOR('',#3306,1.);
#2055=VECTOR('',#3307,1.);
#2056=VECTOR('',#3308,1.);
#2057=VECTOR('',#3309,1.);
#2058=VECTOR('',#3312,1.);
#2059=VECTOR('',#3313,1.);
#2060=VECTOR('',#3314,1.);
#2061=VECTOR('',#3317,1.);
#2062=VECTOR('',#3318,1.);
#2063=VECTOR('',#3319,1.);
#2064=VECTOR('',#3320,1.);
#2065=VECTOR('',#3321,1.);
#2066=VECTOR('',#3324,1.);
#2067=VECTOR('',#3325,1.);
#2068=VECTOR('',#3326,1.);
#2069=VECTOR('',#3327,1.);
#2070=VECTOR('',#3330,1.);
#2071=VECTOR('',#3333,1.);
#2072=VECTOR('',#3334,1.);
#2073=VECTOR('',#3335,1.);
#2074=VECTOR('',#3336,1.);
#2075=VECTOR('',#3337,1.);
#2076=VECTOR('',#3340,1.);
#2077=VECTOR('',#3341,1.);
#2078=VECTOR('',#3342,1.);
#2079=VECTOR('',#3345,1.);
#2080=VECTOR('',#3346,1.);
#2081=VECTOR('',#3347,1.);
#2082=VECTOR('',#3348,1.);
#2083=VECTOR('',#3349,1.);
#2084=VECTOR('',#3352,1.);
#2085=VECTOR('',#3353,1.);
#2086=VECTOR('',#3354,1.);
#2087=VECTOR('',#3355,1.);
#2088=VECTOR('',#3356,1.);
#2089=VECTOR('',#3357,1.);
#2090=VECTOR('',#3358,1.);
#2091=VECTOR('',#3359,1.);
#2092=VECTOR('',#3360,1.);
#2093=VECTOR('',#3361,1.);
#2094=VECTOR('',#3364,1.);
#2095=VECTOR('',#3365,1.);
#2096=VECTOR('',#3366,1.);
#2097=VECTOR('',#3367,1.);
#2098=VECTOR('',#3368,1.);
#2099=VECTOR('',#3369,1.);
#2100=VECTOR('',#3370,1.);
#2101=VECTOR('',#3371,1.);
#2102=VECTOR('',#3372,1.);
#2103=VECTOR('',#3373,1.);
#2104=VECTOR('',#3376,1.);
#2105=VECTOR('',#3377,1.);
#2106=VECTOR('',#3378,1.);
#2107=VECTOR('',#3379,1.);
#2108=VECTOR('',#3380,1.);
#2109=VECTOR('',#3381,1.);
#2110=VECTOR('',#3382,1.);
#2111=VECTOR('',#3383,1.);
#2112=VECTOR('',#3384,1.);
#2113=VECTOR('',#3385,1.);
#2114=VECTOR('',#3388,1.);
#2115=VECTOR('',#3389,1.);
#2116=VECTOR('',#3392,1.);
#2117=VECTOR('',#3393,1.);
#2118=VECTOR('',#3396,1.);
#2119=VECTOR('',#3397,1.);
#2120=VECTOR('',#3400,1.);
#2121=VECTOR('',#3403,1.);
#2122=VECTOR('',#3406,1.);
#2123=VECTOR('',#3409,1.);
#2124=VECTOR('',#3412,1.);
#2125=VECTOR('',#3415,1.);
#2126=VECTOR('',#3418,1.);
#2127=VECTOR('',#3419,1.);
#2128=VECTOR('',#3422,1.);
#2129=VECTOR('',#3423,1.);
#2130=VECTOR('',#3426,1.);
#2131=VECTOR('',#3427,1.);
#2132=VECTOR('',#3430,1.);
#2133=VECTOR('',#3433,1.);
#2134=VECTOR('',#3436,1.);
#2135=VECTOR('',#3439,1.);
#2136=VECTOR('',#3442,1.);
#2137=VECTOR('',#3445,1.);
#2138=VECTOR('',#3448,1.);
#2139=VECTOR('',#3451,1.);
#2140=VECTOR('',#3454,1.);
#2141=VECTOR('',#3457,1.);
#2142=VECTOR('',#3460,1.);
#2143=VECTOR('',#3463,1.);
#2144=VECTOR('',#3466,1.);
#2145=VECTOR('',#3469,1.);
#2146=VECTOR('',#3472,1.);
#2147=VECTOR('',#3475,1.);
#2148=VECTOR('',#3478,1.);
#2149=VECTOR('',#3481,1.);
#2150=VECTOR('',#3490,1.);
#2151=VECTOR('',#3493,1.);
#2152=VECTOR('',#3496,1.);
#2153=VECTOR('',#3499,1.);
#2154=VECTOR('',#3502,1.);
#2155=VECTOR('',#3505,1.);
#2156=VECTOR('',#3508,1.);
#2157=VECTOR('',#3511,1.);
#2158=VECTOR('',#3514,1.);
#2159=VECTOR('',#3517,1.);
#2160=VECTOR('',#3520,1.);
#2161=VECTOR('',#3523,1.);
#2162=VECTOR('',#3532,1.);
#2163=VECTOR('',#3533,1.);
#2164=VECTOR('',#3536,1.);
#2165=VECTOR('',#3537,1.);
#2166=VECTOR('',#3540,1.);
#2167=VECTOR('',#3541,1.);
#2168=VECTOR('',#3544,1.);
#2169=VECTOR('',#3547,1.);
#2170=VECTOR('',#3550,1.);
#2171=VECTOR('',#3553,1.);
#2172=VECTOR('',#3556,1.);
#2173=VECTOR('',#3559,1.);
#2174=VECTOR('',#3568,1.);
#2175=VECTOR('',#3571,1.);
#2176=VECTOR('',#3574,1.);
#2177=VECTOR('',#3577,1.);
#2178=VECTOR('',#3580,1.);
#2179=VECTOR('',#3583,1.);
#2180=VECTOR('',#3586,1.);
#2181=VECTOR('',#3589,1.);
#2182=VECTOR('',#3592,1.);
#2183=VECTOR('',#3595,1.);
#2184=VECTOR('',#3598,1.);
#2185=VECTOR('',#3601,1.);
#2186=EDGE_LOOP('',(#65,#66,#67));
#2187=EDGE_LOOP('',(#68,#69,#70,#71));
#2188=EDGE_LOOP('',(#72,#73,#74,#75));
#2189=EDGE_LOOP('',(#76,#77,#78));
#2190=EDGE_LOOP('',(#79,#80,#81,#82));
#2191=EDGE_LOOP('',(#83,#84,#85,#86));
#2192=EDGE_LOOP('',(#87,#88,#89,#90,#91,#92));
#2193=EDGE_LOOP('',(#93,#94,#95,#96,#97,#98,#99,#100));
#2194=EDGE_LOOP('',(#101,#102,#103,#104));
#2195=EDGE_LOOP('',(#105,#106,#107,#108));
#2196=EDGE_LOOP('',(#109,#110,#111,#112));
#2197=EDGE_LOOP('',(#113,#114,#115,#116));
#2198=EDGE_LOOP('',(#117,#118,#119,#120));
#2199=EDGE_LOOP('',(#121,#122,#123,#124));
#2200=EDGE_LOOP('',(#125,#126,#127,#128));
#2201=EDGE_LOOP('',(#129,#130,#131,#132));
#2202=EDGE_LOOP('',(#133,#134,#135,#136));
#2203=EDGE_LOOP('',(#137,#138,#139,#140));
#2204=EDGE_LOOP('',(#141,#142,#143,#144));
#2205=EDGE_LOOP('',(#145,#146,#147,#148));
#2206=EDGE_LOOP('',(#149,#150,#151));
#2207=EDGE_LOOP('',(#152,#153,#154,#155));
#2208=EDGE_LOOP('',(#156,#157,#158,#159));
#2209=EDGE_LOOP('',(#160,#161,#162,#163));
#2210=EDGE_LOOP('',(#164,#165,#166,#167));
#2211=EDGE_LOOP('',(#168,#169,#170,#171));
#2212=EDGE_LOOP('',(#172,#173,#174,#175));
#2213=EDGE_LOOP('',(#176,#177,#178,#179,#180,#181,#182,#183));
#2214=EDGE_LOOP('',(#184,#185,#186,#187,#188,#189,#190,#191));
#2215=EDGE_LOOP('',(#192,#193,#194,#195));
#2216=EDGE_LOOP('',(#196,#197,#198,#199,#200,#201,#202,#203));
#2217=EDGE_LOOP('',(#204,#205,#206,#207));
#2218=EDGE_LOOP('',(#208,#209,#210,#211));
#2219=EDGE_LOOP('',(#212,#213,#214,#215,#216,#217,#218,#219,#220,#221,#222));
#2220=EDGE_LOOP('',(#223,#224,#225,#226));
#2221=EDGE_LOOP('',(#227,#228,#229,#230));
#2222=EDGE_LOOP('',(#231,#232,#233,#234));
#2223=EDGE_LOOP('',(#235,#236,#237,#238,#239,#240,#241,#242));
#2224=EDGE_LOOP('',(#243,#244,#245,#246));
#2225=EDGE_LOOP('',(#247,#248,#249,#250,#251,#252,#253,#254,#255,#256,#257,#258,#259,#260,#261,#262,#263,#264,#265,#266));
#2226=EDGE_LOOP('',(#267,#268,#269,#270));
#2227=EDGE_LOOP('',(#271,#272,#273,#274));
#2228=EDGE_LOOP('',(#275,#276,#277,#278));
#2229=EDGE_LOOP('',(#279,#280,#281,#282,#283,#284));
#2230=EDGE_LOOP('',(#285,#286,#287,#288,#289,#290));
#2231=EDGE_LOOP('',(#291,#292,#293,#294,#295,#296));
#2232=EDGE_LOOP('',(#297,#298,#299,#300,#301,#302));
#2233=EDGE_LOOP('',(#303,#304,#305,#306,#307,#308));
#2234=EDGE_LOOP('',(#309,#310,#311,#312,#313,#314));
#2235=EDGE_LOOP('',(#315,#316,#317,#318,#319,#320));
#2236=EDGE_LOOP('',(#321,#322,#323,#324,#325,#326));
#2237=EDGE_LOOP('',(#327,#328,#329,#330,#331,#332,#333,#334,#335,#336));
#2238=EDGE_LOOP('',(#337,#338,#339,#340,#341,#342,#343,#344,#345,#346));
#2239=EDGE_LOOP('',(#347,#348,#349,#350,#351,#352,#353,#354,#355,#356));
#2240=EDGE_LOOP('',(#357,#358,#359,#360,#361,#362,#363,#364,#365,#366));
#2241=EDGE_LOOP('',(#367,#368,#369,#370,#371,#372,#373,#374,#375,#376));
#2242=EDGE_LOOP('',(#377,#378,#379,#380,#381,#382,#383,#384,#385,#386));
#2243=EDGE_LOOP('',(#387,#388,#389,#390,#391,#392,#393,#394,#395,#396));
#2244=EDGE_LOOP('',(#397,#398,#399,#400,#401,#402,#403,#404,#405,#406));
#2245=EDGE_LOOP('',(#407,#408,#409,#410,#411,#412,#413,#414,#415,#416,#417,#418,#419,#420,#421,#422,#423,#424,#425,#426,#427,#428,#429,#430,#431,#432,#433,#434));
#2246=EDGE_LOOP('',(#435,#436,#437,#438,#439,#440,#441,#442,#443,#444,#445,#446,#447,#448,#449,#450,#451,#452,#453,#454,#455,#456,#457,#458,#459,#460,#461,#462));
#2247=EDGE_LOOP('',(#463,#464,#465,#466,#467,#468,#469,#470,#471,#472,#473,#474,#475,#476,#477,#478,#479,#480,#481,#482));
#2248=EDGE_LOOP('',(#483,#484,#485,#486,#487,#488,#489,#490,#491,#492,#493,#494,#495,#496,#497,#498,#499,#500,#501,#502));
#2249=EDGE_LOOP('',(#503,#504,#505,#506));
#2250=EDGE_LOOP('',(#507,#508,#509,#510));
#2251=EDGE_LOOP('',(#511,#512,#513,#514));
#2252=EDGE_LOOP('',(#515,#516,#517,#518));
#2253=EDGE_LOOP('',(#519,#520,#521,#522));
#2254=EDGE_LOOP('',(#523,#524,#525,#526));
#2255=EDGE_LOOP('',(#527,#528,#529,#530));
#2256=EDGE_LOOP('',(#531,#532,#533,#534));
#2257=EDGE_LOOP('',(#535,#536,#537,#538));
#2258=EDGE_LOOP('',(#539,#540,#541,#542));
#2259=EDGE_LOOP('',(#543,#544,#545,#546));
#2260=EDGE_LOOP('',(#547,#548,#549,#550));
#2261=EDGE_LOOP('',(#551,#552,#553,#554));
#2262=EDGE_LOOP('',(#555,#556,#557,#558));
#2263=EDGE_LOOP('',(#559,#560,#561,#562));
#2264=EDGE_LOOP('',(#563,#564,#565,#566));
#2265=EDGE_LOOP('',(#567,#568,#569,#570));
#2266=EDGE_LOOP('',(#571,#572,#573,#574));
#2267=EDGE_LOOP('',(#575,#576,#577,#578));
#2268=EDGE_LOOP('',(#579,#580,#581,#582));
#2269=EDGE_LOOP('',(#583,#584,#585,#586));
#2270=EDGE_LOOP('',(#587,#588,#589,#590));
#2271=EDGE_LOOP('',(#591,#592,#593,#594));
#2272=EDGE_LOOP('',(#595,#596,#597,#598));
#2273=EDGE_LOOP('',(#599,#600,#601,#602));
#2274=EDGE_LOOP('',(#603,#604,#605,#606));
#2275=EDGE_LOOP('',(#607,#608,#609,#610));
#2276=EDGE_LOOP('',(#611,#612,#613,#614));
#2277=EDGE_LOOP('',(#615,#616,#617,#618));
#2278=EDGE_LOOP('',(#619,#620,#621,#622));
#2279=EDGE_LOOP('',(#623,#624,#625,#626));
#2280=EDGE_LOOP('',(#627,#628,#629,#630));
#2281=EDGE_LOOP('',(#631,#632,#633,#634));
#2282=EDGE_LOOP('',(#635,#636,#637,#638));
#2283=EDGE_LOOP('',(#639,#640,#641,#642));
#2284=EDGE_LOOP('',(#643,#644,#645,#646));
#2285=EDGE_LOOP('',(#647,#648,#649,#650));
#2286=EDGE_LOOP('',(#651,#652,#653,#654));
#2287=EDGE_LOOP('',(#655,#656,#657,#658));
#2288=EDGE_LOOP('',(#659,#660,#661,#662));
#2289=EDGE_LOOP('',(#663,#664,#665,#666));
#2290=EDGE_LOOP('',(#667,#668,#669,#670));
#2291=EDGE_LOOP('',(#671,#672,#673,#674));
#2292=EDGE_LOOP('',(#675,#676,#677,#678));
#2293=EDGE_LOOP('',(#679,#680,#681,#682));
#2294=EDGE_LOOP('',(#683,#684,#685,#686));
#2295=EDGE_LOOP('',(#687,#688,#689,#690));
#2296=EDGE_LOOP('',(#691,#692,#693,#694));
#2297=EDGE_LOOP('',(#695,#696,#697,#698));
#2298=EDGE_LOOP('',(#699,#700,#701,#702));
#2299=EDGE_LOOP('',(#703,#704,#705,#706));
#2300=EDGE_LOOP('',(#707,#708,#709,#710));
#2301=EDGE_LOOP('',(#711,#712,#713,#714));
#2302=EDGE_LOOP('',(#715,#716,#717,#718));
#2303=EDGE_LOOP('',(#719,#720,#721,#722));
#2304=EDGE_LOOP('',(#723,#724,#725,#726));
#2305=EDGE_LOOP('',(#727,#728,#729,#730));
#2306=EDGE_LOOP('',(#731,#732,#733,#734));
#2307=EDGE_LOOP('',(#735,#736,#737,#738));
#2308=EDGE_LOOP('',(#739,#740,#741,#742));
#2309=EDGE_LOOP('',(#743,#744,#745,#746));
#2310=EDGE_LOOP('',(#747,#748,#749,#750));
#2311=EDGE_LOOP('',(#751,#752,#753,#754));
#2312=EDGE_LOOP('',(#755,#756,#757,#758));
#2313=EDGE_LOOP('',(#759,#760,#761,#762));
#2314=EDGE_LOOP('',(#763,#764,#765,#766));
#2315=EDGE_LOOP('',(#767,#768,#769,#770));
#2316=EDGE_LOOP('',(#771,#772,#773,#774));
#2317=EDGE_LOOP('',(#775,#776,#777,#778));
#2318=EDGE_LOOP('',(#779,#780,#781,#782));
#2319=EDGE_LOOP('',(#783,#784,#785,#786));
#2320=EDGE_LOOP('',(#787,#788,#789,#790));
#2321=EDGE_LOOP('',(#791,#792,#793,#794,#795,#796,#797,#798,#799,#800,#801,#802,#803,#804,#805,#806,#807,#808,#809,#810));
#2322=EDGE_LOOP('',(#811,#812,#813,#814,#815,#816,#817,#818,#819,#820,#821,#822,#823,#824,#825,#826,#827,#828,#829,#830));
#2323=FACE_BOUND('',#2186,.T.);
#2324=FACE_BOUND('',#2187,.T.);
#2325=FACE_BOUND('',#2188,.T.);
#2326=FACE_BOUND('',#2189,.T.);
#2327=FACE_BOUND('',#2190,.T.);
#2328=FACE_BOUND('',#2191,.T.);
#2329=FACE_BOUND('',#2192,.T.);
#2330=FACE_BOUND('',#2193,.T.);
#2331=FACE_BOUND('',#2194,.T.);
#2332=FACE_BOUND('',#2195,.T.);
#2333=FACE_BOUND('',#2196,.T.);
#2334=FACE_BOUND('',#2197,.T.);
#2335=FACE_BOUND('',#2198,.T.);
#2336=FACE_BOUND('',#2199,.T.);
#2337=FACE_BOUND('',#2200,.T.);
#2338=FACE_BOUND('',#2201,.T.);
#2339=FACE_BOUND('',#2202,.T.);
#2340=FACE_BOUND('',#2203,.T.);
#2341=FACE_BOUND('',#2204,.T.);
#2342=FACE_BOUND('',#2205,.T.);
#2343=FACE_BOUND('',#2206,.T.);
#2344=FACE_BOUND('',#2207,.T.);
#2345=FACE_BOUND('',#2208,.T.);
#2346=FACE_BOUND('',#2209,.T.);
#2347=FACE_BOUND('',#2210,.T.);
#2348=FACE_BOUND('',#2211,.T.);
#2349=FACE_BOUND('',#2212,.T.);
#2350=FACE_BOUND('',#2213,.T.);
#2351=FACE_BOUND('',#2214,.T.);
#2352=FACE_BOUND('',#2215,.T.);
#2353=FACE_BOUND('',#2216,.T.);
#2354=FACE_BOUND('',#2217,.T.);
#2355=FACE_BOUND('',#2218,.T.);
#2356=FACE_BOUND('',#2219,.T.);
#2357=FACE_BOUND('',#2220,.T.);
#2358=FACE_BOUND('',#2221,.T.);
#2359=FACE_BOUND('',#2222,.T.);
#2360=FACE_BOUND('',#2223,.T.);
#2361=FACE_BOUND('',#2224,.T.);
#2362=FACE_BOUND('',#2225,.T.);
#2363=FACE_BOUND('',#2226,.T.);
#2364=FACE_BOUND('',#2227,.T.);
#2365=FACE_BOUND('',#2228,.T.);
#2366=FACE_BOUND('',#2229,.T.);
#2367=FACE_BOUND('',#2230,.T.);
#2368=FACE_BOUND('',#2231,.T.);
#2369=FACE_BOUND('',#2232,.T.);
#2370=FACE_BOUND('',#2233,.T.);
#2371=FACE_BOUND('',#2234,.T.);
#2372=FACE_BOUND('',#2235,.T.);
#2373=FACE_BOUND('',#2236,.T.);
#2374=FACE_BOUND('',#2237,.T.);
#2375=FACE_BOUND('',#2238,.T.);
#2376=FACE_BOUND('',#2239,.T.);
#2377=FACE_BOUND('',#2240,.T.);
#2378=FACE_BOUND('',#2241,.T.);
#2379=FACE_BOUND('',#2242,.T.);
#2380=FACE_BOUND('',#2243,.T.);
#2381=FACE_BOUND('',#2244,.T.);
#2382=FACE_BOUND('',#2245,.T.);
#2383=FACE_BOUND('',#2246,.T.);
#2384=FACE_BOUND('',#2247,.T.);
#2385=FACE_BOUND('',#2248,.T.);
#2386=FACE_BOUND('',#2249,.T.);
#2387=FACE_BOUND('',#2250,.T.);
#2388=FACE_BOUND('',#2251,.T.);
#2389=FACE_BOUND('',#2252,.T.);
#2390=FACE_BOUND('',#2253,.T.);
#2391=FACE_BOUND('',#2254,.T.);
#2392=FACE_BOUND('',#2255,.T.);
#2393=FACE_BOUND('',#2256,.T.);
#2394=FACE_BOUND('',#2257,.T.);
#2395=FACE_BOUND('',#2258,.T.);
#2396=FACE_BOUND('',#2259,.T.);
#2397=FACE_BOUND('',#2260,.T.);
#2398=FACE_BOUND('',#2261,.T.);
#2399=FACE_BOUND('',#2262,.T.);
#2400=FACE_BOUND('',#2263,.T.);
#2401=FACE_BOUND('',#2264,.T.);
#2402=FACE_BOUND('',#2265,.T.);
#2403=FACE_BOUND('',#2266,.T.);
#2404=FACE_BOUND('',#2267,.T.);
#2405=FACE_BOUND('',#2268,.T.);
#2406=FACE_BOUND('',#2269,.T.);
#2407=FACE_BOUND('',#2270,.T.);
#2408=FACE_BOUND('',#2271,.T.);
#2409=FACE_BOUND('',#2272,.T.);
#2410=FACE_BOUND('',#2273,.T.);
#2411=FACE_BOUND('',#2274,.T.);
#2412=FACE_BOUND('',#2275,.T.);
#2413=FACE_BOUND('',#2276,.T.);
#2414=FACE_BOUND('',#2277,.T.);
#2415=FACE_BOUND('',#2278,.T.);
#2416=FACE_BOUND('',#2279,.T.);
#2417=FACE_BOUND('',#2280,.T.);
#2418=FACE_BOUND('',#2281,.T.);
#2419=FACE_BOUND('',#2282,.T.);
#2420=FACE_BOUND('',#2283,.T.);
#2421=FACE_BOUND('',#2284,.T.);
#2422=FACE_BOUND('',#2285,.T.);
#2423=FACE_BOUND('',#2286,.T.);
#2424=FACE_BOUND('',#2287,.T.);
#2425=FACE_BOUND('',#2288,.T.);
#2426=FACE_BOUND('',#2289,.T.);
#2427=FACE_BOUND('',#2290,.T.);
#2428=FACE_BOUND('',#2291,.T.);
#2429=FACE_BOUND('',#2292,.T.);
#2430=FACE_BOUND('',#2293,.T.);
#2431=FACE_BOUND('',#2294,.T.);
#2432=FACE_BOUND('',#2295,.T.);
#2433=FACE_BOUND('',#2296,.T.);
#2434=FACE_BOUND('',#2297,.T.);
#2435=FACE_BOUND('',#2298,.T.);
#2436=FACE_BOUND('',#2299,.T.);
#2437=FACE_BOUND('',#2300,.T.);
#2438=FACE_BOUND('',#2301,.T.);
#2439=FACE_BOUND('',#2302,.T.);
#2440=FACE_BOUND('',#2303,.T.);
#2441=FACE_BOUND('',#2304,.T.);
#2442=FACE_BOUND('',#2305,.T.);
#2443=FACE_BOUND('',#2306,.T.);
#2444=FACE_BOUND('',#2307,.T.);
#2445=FACE_BOUND('',#2308,.T.);
#2446=FACE_BOUND('',#2309,.T.);
#2447=FACE_BOUND('',#2310,.T.);
#2448=FACE_BOUND('',#2311,.T.);
#2449=FACE_BOUND('',#2312,.T.);
#2450=FACE_BOUND('',#2313,.T.);
#2451=FACE_BOUND('',#2314,.T.);
#2452=FACE_BOUND('',#2315,.T.);
#2453=FACE_BOUND('',#2316,.T.);
#2454=FACE_BOUND('',#2317,.T.);
#2455=FACE_BOUND('',#2318,.T.);
#2456=FACE_BOUND('',#2319,.T.);
#2457=FACE_BOUND('',#2320,.T.);
#2458=FACE_BOUND('',#2321,.T.);
#2459=FACE_BOUND('',#2322,.T.);
#2460=PLANE('',#2758);
#2461=PLANE('',#2759);
#2462=PLANE('',#2760);
#2463=PLANE('',#2761);
#2464=PLANE('',#2762);
#2465=PLANE('',#2763);
#2466=PLANE('',#2764);
#2467=PLANE('',#2765);
#2468=PLANE('',#2767);
#2469=PLANE('',#2768);
#2470=PLANE('',#2769);
#2471=PLANE('',#2770);
#2472=PLANE('',#2771);
#2473=PLANE('',#2772);
#2474=PLANE('',#2773);
#2475=PLANE('',#2774);
#2476=PLANE('',#2775);
#2477=PLANE('',#2776);
#2478=PLANE('',#2777);
#2479=PLANE('',#2778);
#2480=PLANE('',#2779);
#2481=PLANE('',#2780);
#2482=PLANE('',#2781);
#2483=PLANE('',#2782);
#2484=PLANE('',#2783);
#2485=PLANE('',#2784);
#2486=PLANE('',#2785);
#2487=PLANE('',#2786);
#2488=PLANE('',#2787);
#2489=PLANE('',#2788);
#2490=PLANE('',#2789);
#2491=PLANE('',#2790);
#2492=PLANE('',#2791);
#2493=PLANE('',#2792);
#2494=PLANE('',#2793);
#2495=PLANE('',#2794);
#2496=PLANE('',#2795);
#2497=PLANE('',#2796);
#2498=PLANE('',#2797);
#2499=PLANE('',#2798);
#2500=PLANE('',#2799);
#2501=PLANE('',#2800);
#2502=PLANE('',#2802);
#2503=PLANE('',#2803);
#2504=PLANE('',#2804);
#2505=PLANE('',#2805);
#2506=PLANE('',#2806);
#2507=PLANE('',#2807);
#2508=PLANE('',#2808);
#2509=PLANE('',#2809);
#2510=PLANE('',#2810);
#2511=PLANE('',#2813);
#2512=PLANE('',#2816);
#2513=PLANE('',#2819);
#2514=PLANE('',#2822);
#2515=PLANE('',#2825);
#2516=PLANE('',#2828);
#2517=PLANE('',#2831);
#2518=PLANE('',#2834);
#2519=PLANE('',#2839);
#2520=PLANE('',#2844);
#2521=PLANE('',#2845);
#2522=PLANE('',#2846);
#2523=PLANE('',#2847);
#2524=PLANE('',#2848);
#2525=PLANE('',#2849);
#2526=PLANE('',#2850);
#2527=PLANE('',#2851);
#2528=PLANE('',#2858);
#2529=PLANE('',#2859);
#2530=PLANE('',#2860);
#2531=PLANE('',#2861);
#2532=PLANE('',#2862);
#2533=PLANE('',#2863);
#2534=PLANE('',#2864);
#2535=PLANE('',#2865);
#2536=PLANE('',#2866);
#2537=PLANE('',#2867);
#2538=PLANE('',#2868);
#2539=PLANE('',#2869);
#2540=PLANE('',#2870);
#2541=PLANE('',#2871);
#2542=PLANE('',#2872);
#2543=PLANE('',#2876);
#2544=PLANE('',#2877);
#2545=PLANE('',#2878);
#2546=PLANE('',#2879);
#2547=PLANE('',#2880);
#2548=PLANE('',#2881);
#2549=PLANE('',#2885);
#2550=PLANE('',#2886);
#2551=PLANE('',#2887);
#2552=PLANE('',#2888);
#2553=PLANE('',#2889);
#2554=PLANE('',#2890);
#2555=PLANE('',#2891);
#2556=PLANE('',#2892);
#2557=PLANE('',#2893);
#2558=PLANE('',#2894);
#2559=PLANE('',#2895);
#2560=PLANE('',#2896);
#2561=PLANE('',#2897);
#2562=PLANE('',#2898);
#2563=PLANE('',#2899);
#2564=PLANE('',#2900);
#2565=PLANE('',#2901);
#2566=PLANE('',#2902);
#2567=PLANE('',#2903);
#2568=PLANE('',#2904);
#2569=PLANE('',#2905);
#2570=PLANE('',#2906);
#2571=PLANE('',#2907);
#2572=PLANE('',#2908);
#2573=PLANE('',#2909);
#2574=PLANE('',#2910);
#2575=PLANE('',#2911);
#2576=PLANE('',#2912);
#2577=PLANE('',#2913);
#2578=PLANE('',#2914);
#2579=PLANE('',#2915);
#2580=PLANE('',#2916);
#2581=PLANE('',#2917);
#2582=PLANE('',#2918);
#2583=PLANE('',#2919);
#2584=ADVANCED_FACE('',(#2323),#2460,.T.);
#2585=ADVANCED_FACE('',(#2324),#2461,.T.);
#2586=ADVANCED_FACE('',(#2325),#2462,.T.);
#2587=ADVANCED_FACE('',(#2326),#2463,.F.);
#2588=ADVANCED_FACE('',(#2327),#2464,.T.);
#2589=ADVANCED_FACE('',(#2328),#2465,.T.);
#2590=ADVANCED_FACE('',(#2329),#2466,.T.);
#2591=ADVANCED_FACE('',(#2330),#2467,.T.);
#2592=ADVANCED_FACE('',(#2331),#2468,.F.);
#2593=ADVANCED_FACE('',(#2332),#2469,.F.);
#2594=ADVANCED_FACE('',(#2333),#2470,.F.);
#2595=ADVANCED_FACE('',(#2334),#2471,.F.);
#2596=ADVANCED_FACE('',(#2335),#2472,.F.);
#2597=ADVANCED_FACE('',(#2336),#2473,.F.);
#2598=ADVANCED_FACE('',(#2337),#2474,.F.);
#2599=ADVANCED_FACE('',(#2338),#2475,.T.);
#2600=ADVANCED_FACE('',(#2339),#2476,.F.);
#2601=ADVANCED_FACE('',(#2340),#2477,.F.);
#2602=ADVANCED_FACE('',(#2341),#2478,.F.);
#2603=ADVANCED_FACE('',(#2342),#2479,.F.);
#2604=ADVANCED_FACE('',(#2343),#2480,.T.);
#2605=ADVANCED_FACE('',(#2344),#2481,.F.);
#2606=ADVANCED_FACE('',(#2345),#2482,.F.);
#2607=ADVANCED_FACE('',(#2346),#2483,.T.);
#2608=ADVANCED_FACE('',(#2347),#2484,.T.);
#2609=ADVANCED_FACE('',(#2348),#2485,.T.);
#2610=ADVANCED_FACE('',(#2349),#2486,.T.);
#2611=ADVANCED_FACE('',(#2350),#2487,.T.);
#2612=ADVANCED_FACE('',(#2351),#2488,.F.);
#2613=ADVANCED_FACE('',(#2352),#2489,.T.);
#2614=ADVANCED_FACE('',(#2353),#2490,.T.);
#2615=ADVANCED_FACE('',(#2354),#2491,.T.);
#2616=ADVANCED_FACE('',(#2355),#2492,.F.);
#2617=ADVANCED_FACE('',(#2356),#2493,.T.);
#2618=ADVANCED_FACE('',(#2357),#2494,.F.);
#2619=ADVANCED_FACE('',(#2358),#2495,.F.);
#2620=ADVANCED_FACE('',(#2359),#2496,.F.);
#2621=ADVANCED_FACE('',(#2360),#2497,.F.);
#2622=ADVANCED_FACE('',(#2361,#2362),#2498,.F.);
#2623=ADVANCED_FACE('',(#2363),#2499,.F.);
#2624=ADVANCED_FACE('',(#2364),#2500,.F.);
#2625=ADVANCED_FACE('',(#2365),#2501,.F.);
#2626=ADVANCED_FACE('',(#2366),#2502,.T.);
#2627=ADVANCED_FACE('',(#2367),#2503,.T.);
#2628=ADVANCED_FACE('',(#2368),#2504,.T.);
#2629=ADVANCED_FACE('',(#2369),#2505,.T.);
#2630=ADVANCED_FACE('',(#2370),#2506,.T.);
#2631=ADVANCED_FACE('',(#2371),#2507,.T.);
#2632=ADVANCED_FACE('',(#2372),#2508,.T.);
#2633=ADVANCED_FACE('',(#2373),#2509,.T.);
#2634=ADVANCED_FACE('',(#2374),#2510,.T.);
#2635=ADVANCED_FACE('',(#2375),#2511,.T.);
#2636=ADVANCED_FACE('',(#2376),#2512,.T.);
#2637=ADVANCED_FACE('',(#2377),#2513,.T.);
#2638=ADVANCED_FACE('',(#2378),#2514,.T.);
#2639=ADVANCED_FACE('',(#2379),#2515,.T.);
#2640=ADVANCED_FACE('',(#2380),#2516,.T.);
#2641=ADVANCED_FACE('',(#2381),#2517,.T.);
#2642=ADVANCED_FACE('',(#2382),#2518,.F.);
#2643=ADVANCED_FACE('',(#2383),#2519,.T.);
#2644=ADVANCED_FACE('',(#2384),#2520,.F.);
#2645=ADVANCED_FACE('',(#2385),#2521,.F.);
#2646=ADVANCED_FACE('',(#2386),#2522,.F.);
#2647=ADVANCED_FACE('',(#2387),#2523,.F.);
#2648=ADVANCED_FACE('',(#2388),#2524,.F.);
#2649=ADVANCED_FACE('',(#2389),#2525,.F.);
#2650=ADVANCED_FACE('',(#2390),#2526,.F.);
#2651=ADVANCED_FACE('',(#2391),#2527,.F.);
#2652=ADVANCED_FACE('',(#2392),#10,.F.);
#2653=ADVANCED_FACE('',(#2393),#11,.F.);
#2654=ADVANCED_FACE('',(#2394),#12,.F.);
#2655=ADVANCED_FACE('',(#2395),#13,.F.);
#2656=ADVANCED_FACE('',(#2396),#14,.F.);
#2657=ADVANCED_FACE('',(#2397),#15,.F.);
#2658=ADVANCED_FACE('',(#2398),#2528,.F.);
#2659=ADVANCED_FACE('',(#2399),#2529,.F.);
#2660=ADVANCED_FACE('',(#2400),#2530,.F.);
#2661=ADVANCED_FACE('',(#2401),#2531,.F.);
#2662=ADVANCED_FACE('',(#2402),#2532,.F.);
#2663=ADVANCED_FACE('',(#2403),#2533,.F.);
#2664=ADVANCED_FACE('',(#2404),#2534,.F.);
#2665=ADVANCED_FACE('',(#2405),#2535,.F.);
#2666=ADVANCED_FACE('',(#2406),#2536,.F.);
#2667=ADVANCED_FACE('',(#2407),#2537,.F.);
#2668=ADVANCED_FACE('',(#2408),#2538,.F.);
#2669=ADVANCED_FACE('',(#2409),#2539,.F.);
#2670=ADVANCED_FACE('',(#2410),#2540,.F.);
#2671=ADVANCED_FACE('',(#2411),#2541,.F.);
#2672=ADVANCED_FACE('',(#2412),#2542,.F.);
#2673=ADVANCED_FACE('',(#2413),#16,.T.);
#2674=ADVANCED_FACE('',(#2414),#17,.T.);
#2675=ADVANCED_FACE('',(#2415),#18,.T.);
#2676=ADVANCED_FACE('',(#2416),#2543,.F.);
#2677=ADVANCED_FACE('',(#2417),#2544,.F.);
#2678=ADVANCED_FACE('',(#2418),#2545,.F.);
#2679=ADVANCED_FACE('',(#2419),#2546,.F.);
#2680=ADVANCED_FACE('',(#2420),#2547,.F.);
#2681=ADVANCED_FACE('',(#2421),#2548,.F.);
#2682=ADVANCED_FACE('',(#2422),#19,.T.);
#2683=ADVANCED_FACE('',(#2423),#20,.T.);
#2684=ADVANCED_FACE('',(#2424),#21,.T.);
#2685=ADVANCED_FACE('',(#2425),#2549,.F.);
#2686=ADVANCED_FACE('',(#2426),#2550,.F.);
#2687=ADVANCED_FACE('',(#2427),#2551,.F.);
#2688=ADVANCED_FACE('',(#2428),#2552,.F.);
#2689=ADVANCED_FACE('',(#2429),#2553,.F.);
#2690=ADVANCED_FACE('',(#2430),#2554,.F.);
#2691=ADVANCED_FACE('',(#2431),#2555,.F.);
#2692=ADVANCED_FACE('',(#2432),#2556,.F.);
#2693=ADVANCED_FACE('',(#2433),#2557,.F.);
#2694=ADVANCED_FACE('',(#2434),#2558,.F.);
#2695=ADVANCED_FACE('',(#2435),#2559,.F.);
#2696=ADVANCED_FACE('',(#2436),#2560,.F.);
#2697=ADVANCED_FACE('',(#2437),#2561,.F.);
#2698=ADVANCED_FACE('',(#2438),#2562,.F.);
#2699=ADVANCED_FACE('',(#2439),#2563,.F.);
#2700=ADVANCED_FACE('',(#2440),#2564,.F.);
#2701=ADVANCED_FACE('',(#2441),#2565,.F.);
#2702=ADVANCED_FACE('',(#2442),#2566,.F.);
#2703=ADVANCED_FACE('',(#2443),#2567,.F.);
#2704=ADVANCED_FACE('',(#2444),#2568,.F.);
#2705=ADVANCED_FACE('',(#2445),#2569,.F.);
#2706=ADVANCED_FACE('',(#2446),#2570,.F.);
#2707=ADVANCED_FACE('',(#2447),#2571,.F.);
#2708=ADVANCED_FACE('',(#2448),#2572,.F.);
#2709=ADVANCED_FACE('',(#2449),#2573,.F.);
#2710=ADVANCED_FACE('',(#2450),#2574,.F.);
#2711=ADVANCED_FACE('',(#2451),#2575,.F.);
#2712=ADVANCED_FACE('',(#2452),#2576,.F.);
#2713=ADVANCED_FACE('',(#2453),#2577,.F.);
#2714=ADVANCED_FACE('',(#2454),#2578,.F.);
#2715=ADVANCED_FACE('',(#2455),#2579,.F.);
#2716=ADVANCED_FACE('',(#2456),#2580,.F.);
#2717=ADVANCED_FACE('',(#2457),#2581,.F.);
#2718=ADVANCED_FACE('',(#2458),#2582,.F.);
#2719=ADVANCED_FACE('',(#2459),#2583,.F.);
#2720=CLOSED_SHELL('',(#2584,#2585,#2586,#2587,#2588,#2589,#2590,#2591));
#2721=CLOSED_SHELL('',(#2592,#2593,#2594,#2595,#2596,#2597,#2598,#2599,#2600,#2601,#2602,#2603,#2604,#2605,#2606,#2607,#2608,#2609,#2610,#2611,#2612,#2613,#2614,#2615,#2616,#2617,#2618,#2619,#2620,#2621,#2622,#2623,#2624,#2625));
#2722=CLOSED_SHELL('',(#2626,#2627,#2628,#2629,#2630,#2631,#2632,#2633,#2634,#2635,#2636,#2637,#2638,#2639,#2640,#2641,#2642,#2643,#2644,#2645,#2646,#2647,#2648,#2649,#2650,#2651,#2652,#2653,#2654,#2655,#2656,#2657,#2658,#2659,#2660,#2661,#2662,#2663,#2664,#2665,#2666,#2667,#2668,#2669,#2670,#2671,#2672,#2673,#2674,#2675,#2676,#2677,#2678,#2679,#2680,#2681,#2682,#2683,#2684,#2685,#2686,#2687,#2688,#2689,#2690,#2691,#2692,#2693,#2694,#2695,#2696,#2697,#2698,#2699,#2700,#2701,#2702,#2703,#2704,#2705,#2706,#2707,#2708,#2709,#2710,#2711,#2712,#2713,#2714,#2715,#2716,#2717,#2718,#2719));
#2723=STYLED_ITEM('',(#2726),#2746);
#2724=STYLED_ITEM('',(#2727),#2747);
#2725=STYLED_ITEM('',(#2728),#2748);
#2726=PRESENTATION_STYLE_ASSIGNMENT((#2729));
#2727=PRESENTATION_STYLE_ASSIGNMENT((#2730));
#2728=PRESENTATION_STYLE_ASSIGNMENT((#2731));
#2729=SURFACE_STYLE_USAGE(.BOTH.,#2732);
#2730=SURFACE_STYLE_USAGE(.BOTH.,#2733);
#2731=SURFACE_STYLE_USAGE(.BOTH.,#2734);
#2732=SURFACE_SIDE_STYLE('',(#2735));
#2733=SURFACE_SIDE_STYLE('',(#2736));
#2734=SURFACE_SIDE_STYLE('',(#2737));
#2735=SURFACE_STYLE_FILL_AREA(#2738);
#2736=SURFACE_STYLE_FILL_AREA(#2739);
#2737=SURFACE_STYLE_FILL_AREA(#2740);
#2738=FILL_AREA_STYLE('',(#2741));
#2739=FILL_AREA_STYLE('',(#2742));
#2740=FILL_AREA_STYLE('',(#2743));
#2741=FILL_AREA_STYLE_COLOUR('',#2744);
#2742=FILL_AREA_STYLE_COLOUR('',#46);
#2743=FILL_AREA_STYLE_COLOUR('',#2745);
#2744=DRAUGHTING_PRE_DEFINED_COLOUR('red');
#2745=DRAUGHTING_PRE_DEFINED_COLOUR('yellow');
#2746=MANIFOLD_SOLID_BREP('SHF-First_Position_Indicator',#2720);
#2747=MANIFOLD_SOLID_BREP('SHF-103-01-D_header',#2721);
#2748=MANIFOLD_SOLID_BREP('T-1S71-02-03-D-SM',#2722);
#2749=SHAPE_DEFINITION_REPRESENTATION(#4397,#2753);
#2750=SHAPE_DEFINITION_REPRESENTATION(#4398,#2754);
#2751=SHAPE_DEFINITION_REPRESENTATION(#4400,#2755);
#2752=SHAPE_DEFINITION_REPRESENTATION(#4402,#2756);
#2753=SHAPE_REPRESENTATION('SHF-103-01-L-D-SM-K-TR',(#2757,#2766,#2801,#2920),#4386);
#2754=SHAPE_REPRESENTATION('SHF-First_Position_Indicator',(#2757),#4387);
#2755=SHAPE_REPRESENTATION('SHF-103-01-D_header',(#2757),#4388);
#2756=SHAPE_REPRESENTATION('T-1S71-02-03-D-SM',(#2757),#4389);
#2757=AXIS2_PLACEMENT_3D('',#3608,#2921,#2922);
#2758=AXIS2_PLACEMENT_3D('',#3609,#2923,#2924);
#2759=AXIS2_PLACEMENT_3D('',#3616,#2928,#2929);
#2760=AXIS2_PLACEMENT_3D('',#3622,#2933,#2934);
#2761=AXIS2_PLACEMENT_3D('',#3626,#2937,#2938);
#2762=AXIS2_PLACEMENT_3D('',#3633,#2942,#2943);
#2763=AXIS2_PLACEMENT_3D('',#3639,#2947,#2948);
#2764=AXIS2_PLACEMENT_3D('',#3643,#2951,#2952);
#2765=AXIS2_PLACEMENT_3D('',#3646,#2955,#2956);
#2766=AXIS2_PLACEMENT_3D('',#3647,#2957,#2958);
#2767=AXIS2_PLACEMENT_3D('',#3648,#2959,#2960);
#2768=AXIS2_PLACEMENT_3D('',#3657,#2965,#2966);
#2769=AXIS2_PLACEMENT_3D('',#3663,#2970,#2971);
#2770=AXIS2_PLACEMENT_3D('',#3669,#2975,#2976);
#2771=AXIS2_PLACEMENT_3D('',#3678,#2981,#2982);
#2772=AXIS2_PLACEMENT_3D('',#3684,#2986,#2987);
#2773=AXIS2_PLACEMENT_3D('',#3693,#2992,#2993);
#2774=AXIS2_PLACEMENT_3D('',#3699,#2997,#2998);
#2775=AXIS2_PLACEMENT_3D('',#3708,#3003,#3004);
#2776=AXIS2_PLACEMENT_3D('',#3714,#3008,#3009);
#2777=AXIS2_PLACEMENT_3D('',#3718,#3012,#3013);
#2778=AXIS2_PLACEMENT_3D('',#3722,#3016,#3017);
#2779=AXIS2_PLACEMENT_3D('',#3724,#3019,#3020);
#2780=AXIS2_PLACEMENT_3D('',#3731,#3024,#3025);
#2781=AXIS2_PLACEMENT_3D('',#3737,#3029,#3030);
#2782=AXIS2_PLACEMENT_3D('',#3741,#3033,#3034);
#2783=AXIS2_PLACEMENT_3D('',#3747,#3038,#3039);
#2784=AXIS2_PLACEMENT_3D('',#3751,#3042,#3043);
#2785=AXIS2_PLACEMENT_3D('',#3755,#3046,#3047);
#2786=AXIS2_PLACEMENT_3D('',#3757,#3049,#3050);
#2787=AXIS2_PLACEMENT_3D('',#3771,#3058,#3059);
#2788=AXIS2_PLACEMENT_3D('',#3785,#3067,#3068);
#2789=AXIS2_PLACEMENT_3D('',#3788,#3071,#3072);
#2790=AXIS2_PLACEMENT_3D('',#3790,#3074,#3075);
#2791=AXIS2_PLACEMENT_3D('',#3792,#3077,#3078);
#2792=AXIS2_PLACEMENT_3D('',#3798,#3082,#3083);
#2793=AXIS2_PLACEMENT_3D('',#3809,#3090,#3091);
#2794=AXIS2_PLACEMENT_3D('',#3812,#3094,#3095);
#2795=AXIS2_PLACEMENT_3D('',#3813,#3096,#3097);
#2796=AXIS2_PLACEMENT_3D('',#3819,#3101,#3102);
#2797=AXIS2_PLACEMENT_3D('',#3822,#3105,#3106);
#2798=AXIS2_PLACEMENT_3D('',#3826,#3110,#3111);
#2799=AXIS2_PLACEMENT_3D('',#3827,#3112,#3113);
#2800=AXIS2_PLACEMENT_3D('',#3828,#3114,#3115);
#2801=AXIS2_PLACEMENT_3D('',#3829,#3116,#3117);
#2802=AXIS2_PLACEMENT_3D('',#3830,#3118,#3119);
#2803=AXIS2_PLACEMENT_3D('',#3843,#3126,#3127);
#2804=AXIS2_PLACEMENT_3D('',#3856,#3134,#3135);
#2805=AXIS2_PLACEMENT_3D('',#3869,#3142,#3143);
#2806=AXIS2_PLACEMENT_3D('',#3882,#3150,#3151);
#2807=AXIS2_PLACEMENT_3D('',#3895,#3158,#3159);
#2808=AXIS2_PLACEMENT_3D('',#3908,#3166,#3167);
#2809=AXIS2_PLACEMENT_3D('',#3921,#3174,#3175);
#2810=AXIS2_PLACEMENT_3D('',#3934,#3182,#3183);
#2811=AXIS2_PLACEMENT_3D('',#3938,#3185,#3186);
#2812=AXIS2_PLACEMENT_3D('',#3950,#3192,#3193);
#2813=AXIS2_PLACEMENT_3D('',#3955,#3196,#3197);
#2814=AXIS2_PLACEMENT_3D('',#3963,#3201,#3202);
#2815=AXIS2_PLACEMENT_3D('',#3975,#3208,#3209);
#2816=AXIS2_PLACEMENT_3D('',#3976,#3210,#3211);
#2817=AXIS2_PLACEMENT_3D('',#3984,#3215,#3216);
#2818=AXIS2_PLACEMENT_3D('',#3996,#3222,#3223);
#2819=AXIS2_PLACEMENT_3D('',#3997,#3224,#3225);
#2820=AXIS2_PLACEMENT_3D('',#4001,#3227,#3228);
#2821=AXIS2_PLACEMENT_3D('',#4013,#3234,#3235);
#2822=AXIS2_PLACEMENT_3D('',#4018,#3238,#3239);
#2823=AXIS2_PLACEMENT_3D('',#4024,#3242,#3243);
#2824=AXIS2_PLACEMENT_3D('',#4032,#3247,#3248);
#2825=AXIS2_PLACEMENT_3D('',#4039,#3252,#3253);
#2826=AXIS2_PLACEMENT_3D('',#4049,#3258,#3259);
#2827=AXIS2_PLACEMENT_3D('',#4057,#3263,#3264);
#2828=AXIS2_PLACEMENT_3D('',#4060,#3266,#3267);
#2829=AXIS2_PLACEMENT_3D('',#4066,#3270,#3271);
#2830=AXIS2_PLACEMENT_3D('',#4074,#3275,#3276);
#2831=AXIS2_PLACEMENT_3D('',#4081,#3280,#3281);
#2832=AXIS2_PLACEMENT_3D('',#4091,#3286,#3287);
#2833=AXIS2_PLACEMENT_3D('',#4099,#3291,#3292);
#2834=AXIS2_PLACEMENT_3D('',#4102,#3294,#3295);
#2835=AXIS2_PLACEMENT_3D('',#4118,#3303,#3304);
#2836=AXIS2_PLACEMENT_3D('',#4130,#3310,#3311);
#2837=AXIS2_PLACEMENT_3D('',#4138,#3315,#3316);
#2838=AXIS2_PLACEMENT_3D('',#4150,#3322,#3323);
#2839=AXIS2_PLACEMENT_3D('',#4159,#3328,#3329);
#2840=AXIS2_PLACEMENT_3D('',#4163,#3331,#3332);
#2841=AXIS2_PLACEMENT_3D('',#4175,#3338,#3339);
#2842=AXIS2_PLACEMENT_3D('',#4183,#3343,#3344);
#2843=AXIS2_PLACEMENT_3D('',#4195,#3350,#3351);
#2844=AXIS2_PLACEMENT_3D('',#4216,#3362,#3363);
#2845=AXIS2_PLACEMENT_3D('',#4227,#3374,#3375);
#2846=AXIS2_PLACEMENT_3D('',#4238,#3386,#3387);
#2847=AXIS2_PLACEMENT_3D('',#4241,#3390,#3391);
#2848=AXIS2_PLACEMENT_3D('',#4244,#3394,#3395);
#2849=AXIS2_PLACEMENT_3D('',#4247,#3398,#3399);
#2850=AXIS2_PLACEMENT_3D('',#4249,#3401,#3402);
#2851=AXIS2_PLACEMENT_3D('',#4251,#3404,#3405);
#2852=AXIS2_PLACEMENT_3D('',#4253,#3407,#3408);
#2853=AXIS2_PLACEMENT_3D('',#4255,#3410,#3411);
#2854=AXIS2_PLACEMENT_3D('',#4257,#3413,#3414);
#2855=AXIS2_PLACEMENT_3D('',#4259,#3416,#3417);
#2856=AXIS2_PLACEMENT_3D('',#4262,#3420,#3421);
#2857=AXIS2_PLACEMENT_3D('',#4265,#3424,#3425);
#2858=AXIS2_PLACEMENT_3D('',#4268,#3428,#3429);
#2859=AXIS2_PLACEMENT_3D('',#4270,#3431,#3432);
#2860=AXIS2_PLACEMENT_3D('',#4272,#3434,#3435);
#2861=AXIS2_PLACEMENT_3D('',#4274,#3437,#3438);
#2862=AXIS2_PLACEMENT_3D('',#4276,#3440,#3441);
#2863=AXIS2_PLACEMENT_3D('',#4278,#3443,#3444);
#2864=AXIS2_PLACEMENT_3D('',#4280,#3446,#3447);
#2865=AXIS2_PLACEMENT_3D('',#4282,#3449,#3450);
#2866=AXIS2_PLACEMENT_3D('',#4284,#3452,#3453);
#2867=AXIS2_PLACEMENT_3D('',#4286,#3455,#3456);
#2868=AXIS2_PLACEMENT_3D('',#4288,#3458,#3459);
#2869=AXIS2_PLACEMENT_3D('',#4290,#3461,#3462);
#2870=AXIS2_PLACEMENT_3D('',#4292,#3464,#3465);
#2871=AXIS2_PLACEMENT_3D('',#4294,#3467,#3468);
#2872=AXIS2_PLACEMENT_3D('',#4296,#3470,#3471);
#2873=AXIS2_PLACEMENT_3D('',#4298,#3473,#3474);
#2874=AXIS2_PLACEMENT_3D('',#4300,#3476,#3477);
#2875=AXIS2_PLACEMENT_3D('',#4302,#3479,#3480);
#2876=AXIS2_PLACEMENT_3D('',#4304,#3482,#3483);
#2877=AXIS2_PLACEMENT_3D('',#4305,#3484,#3485);
#2878=AXIS2_PLACEMENT_3D('',#4306,#3486,#3487);
#2879=AXIS2_PLACEMENT_3D('',#4307,#3488,#3489);
#2880=AXIS2_PLACEMENT_3D('',#4309,#3491,#3492);
#2881=AXIS2_PLACEMENT_3D('',#4311,#3494,#3495);
#2882=AXIS2_PLACEMENT_3D('',#4313,#3497,#3498);
#2883=AXIS2_PLACEMENT_3D('',#4315,#3500,#3501);
#2884=AXIS2_PLACEMENT_3D('',#4317,#3503,#3504);
#2885=AXIS2_PLACEMENT_3D('',#4319,#3506,#3507);
#2886=AXIS2_PLACEMENT_3D('',#4321,#3509,#3510);
#2887=AXIS2_PLACEMENT_3D('',#4323,#3512,#3513);
#2888=AXIS2_PLACEMENT_3D('',#4325,#3515,#3516);
#2889=AXIS2_PLACEMENT_3D('',#4327,#3518,#3519);
#2890=AXIS2_PLACEMENT_3D('',#4329,#3521,#3522);
#2891=AXIS2_PLACEMENT_3D('',#4331,#3524,#3525);
#2892=AXIS2_PLACEMENT_3D('',#4332,#3526,#3527);
#2893=AXIS2_PLACEMENT_3D('',#4333,#3528,#3529);
#2894=AXIS2_PLACEMENT_3D('',#4334,#3530,#3531);
#2895=AXIS2_PLACEMENT_3D('',#4337,#3534,#3535);
#2896=AXIS2_PLACEMENT_3D('',#4340,#3538,#3539);
#2897=AXIS2_PLACEMENT_3D('',#4343,#3542,#3543);
#2898=AXIS2_PLACEMENT_3D('',#4345,#3545,#3546);
#2899=AXIS2_PLACEMENT_3D('',#4347,#3548,#3549);
#2900=AXIS2_PLACEMENT_3D('',#4349,#3551,#3552);
#2901=AXIS2_PLACEMENT_3D('',#4351,#3554,#3555);
#2902=AXIS2_PLACEMENT_3D('',#4353,#3557,#3558);
#2903=AXIS2_PLACEMENT_3D('',#4355,#3560,#3561);
#2904=AXIS2_PLACEMENT_3D('',#4356,#3562,#3563);
#2905=AXIS2_PLACEMENT_3D('',#4357,#3564,#3565);
#2906=AXIS2_PLACEMENT_3D('',#4358,#3566,#3567);
#2907=AXIS2_PLACEMENT_3D('',#4360,#3569,#3570);
#2908=AXIS2_PLACEMENT_3D('',#4362,#3572,#3573);
#2909=AXIS2_PLACEMENT_3D('',#4364,#3575,#3576);
#2910=AXIS2_PLACEMENT_3D('',#4366,#3578,#3579);
#2911=AXIS2_PLACEMENT_3D('',#4368,#3581,#3582);
#2912=AXIS2_PLACEMENT_3D('',#4370,#3584,#3585);
#2913=AXIS2_PLACEMENT_3D('',#4372,#3587,#3588);
#2914=AXIS2_PLACEMENT_3D('',#4374,#3590,#3591);
#2915=AXIS2_PLACEMENT_3D('',#4376,#3593,#3594);
#2916=AXIS2_PLACEMENT_3D('',#4378,#3596,#3597);
#2917=AXIS2_PLACEMENT_3D('',#4380,#3599,#3600);
#2918=AXIS2_PLACEMENT_3D('',#4382,#3602,#3603);
#2919=AXIS2_PLACEMENT_3D('',#4383,#3604,#3605);
#2920=AXIS2_PLACEMENT_3D('',#4384,#3606,#3607);
#2921=DIRECTION('',(0.,0.,1.));
#2922=DIRECTION('',(1.,0.,0.));
#2923=DIRECTION('',(0.,1.,0.));
#2924=DIRECTION('',(1.,0.,0.));
#2925=DIRECTION('',(-1.,0.,0.));
#2926=DIRECTION('',(0.368048451007378,0.,0.929806613071272));
#2927=DIRECTION('',(0.368048451007378,0.,-0.929806613071272));
#2928=DIRECTION('',(-0.929806613071272,0.,-0.368048451007378));
#2929=DIRECTION('',(-0.368048451007378,0.,0.929806613071272));
#2930=DIRECTION('',(0.,-1.,0.));
#2931=DIRECTION('',(0.,-1.,0.));
#2932=DIRECTION('',(-0.368048451007378,0.,0.929806613071272));
#2933=DIRECTION('',(0.929806613071272,0.,-0.368048451007378));
#2934=DIRECTION('',(-0.368048451007378,0.,-0.929806613071272));
#2935=DIRECTION('',(0.,-1.,0.));
#2936=DIRECTION('',(-0.368048451007378,0.,-0.929806613071272));
#2937=DIRECTION('',(0.,1.,0.));
#2938=DIRECTION('',(1.,0.,0.));
#2939=DIRECTION('',(-1.,0.,0.));
#2940=DIRECTION('',(0.371390676354104,0.,-0.928476690885259));
#2941=DIRECTION('',(0.371390676354104,0.,0.928476690885259));
#2942=DIRECTION('',(0.928476690885259,0.,0.371390676354104));
#2943=DIRECTION('',(0.371390676354104,0.,-0.928476690885259));
#2944=DIRECTION('',(0.371390676354104,0.,-0.928476690885259));
#2945=DIRECTION('',(0.,1.,0.));
#2946=DIRECTION('',(0.,1.,0.));
#2947=DIRECTION('',(-0.928476690885259,0.,0.371390676354104));
#2948=DIRECTION('',(0.371390676354104,0.,0.928476690885259));
#2949=DIRECTION('',(0.371390676354104,0.,0.928476690885259));
#2950=DIRECTION('',(0.,1.,0.));
#2951=DIRECTION('',(0.,1.,0.));
#2952=DIRECTION('',(1.,0.,0.));
#2953=DIRECTION('',(-1.,0.,0.));
#2954=DIRECTION('',(-1.,0.,0.));
#2955=DIRECTION('',(0.,0.,-1.));
#2956=DIRECTION('',(0.,1.,0.));
#2957=DIRECTION('',(0.,0.,1.));
#2958=DIRECTION('',(1.,0.,0.));
#2959=DIRECTION('',(1.,0.,0.));
#2960=DIRECTION('',(0.,-1.,0.));
#2961=DIRECTION('',(0.,1.,0.));
#2962=DIRECTION('',(0.,0.,1.));
#2963=DIRECTION('',(0.,1.,0.));
#2964=DIRECTION('',(0.,0.,1.));
#2965=DIRECTION('',(0.,-1.,0.));
#2966=DIRECTION('',(-1.,0.,0.));
#2967=DIRECTION('',(1.,2.84567499340027E-16,0.));
#2968=DIRECTION('',(1.,2.84567499340027E-16,0.));
#2969=DIRECTION('',(0.,0.,-1.));
#2970=DIRECTION('',(0.,1.,0.));
#2971=DIRECTION('',(1.,0.,0.));
#2972=DIRECTION('',(-1.,0.,0.));
#2973=DIRECTION('',(-1.,0.,0.));
#2974=DIRECTION('',(0.,0.,1.));
#2975=DIRECTION('',(0.,1.,0.));
#2976=DIRECTION('',(1.,0.,0.));
#2977=DIRECTION('',(-1.,0.,0.));
#2978=DIRECTION('',(0.,0.,1.));
#2979=DIRECTION('',(-1.,0.,0.));
#2980=DIRECTION('',(0.,0.,1.));
#2981=DIRECTION('',(1.,0.,0.));
#2982=DIRECTION('',(0.,-1.,0.));
#2983=DIRECTION('',(0.,0.707106781186548,0.707106781186547));
#2984=DIRECTION('',(0.,1.,0.));
#2985=DIRECTION('',(0.,0.,1.));
#2986=DIRECTION('',(-1.,0.,0.));
#2987=DIRECTION('',(0.,1.,0.));
#2988=DIRECTION('',(0.,-0.707106781186548,-0.707106781186547));
#2989=DIRECTION('',(0.,0.,1.));
#2990=DIRECTION('',(0.,-1.,0.));
#2991=DIRECTION('',(0.,0.,1.));
#2992=DIRECTION('',(0.,1.,0.));
#2993=DIRECTION('',(1.,0.,0.));
#2994=DIRECTION('',(-1.,0.,0.));
#2995=DIRECTION('',(-1.,0.,0.));
#2996=DIRECTION('',(0.,0.,1.));
#2997=DIRECTION('',(0.,0.,-1.));
#2998=DIRECTION('',(0.,1.,0.));
#2999=DIRECTION('',(-1.,0.,0.));
#3000=DIRECTION('',(0.,1.,0.));
#3001=DIRECTION('',(1.,0.,0.));
#3002=DIRECTION('',(0.,-1.,0.));
#3003=DIRECTION('',(1.,0.,0.));
#3004=DIRECTION('',(0.,-1.,0.));
#3005=DIRECTION('',(0.,-1.,0.));
#3006=DIRECTION('',(0.,0.,-1.));
#3007=DIRECTION('',(0.,0.,-1.));
#3008=DIRECTION('',(0.,1.,0.));
#3009=DIRECTION('',(1.,0.,0.));
#3010=DIRECTION('',(1.,0.,0.));
#3011=DIRECTION('',(0.,0.,-1.));
#3012=DIRECTION('',(-1.,0.,0.));
#3013=DIRECTION('',(0.,1.,0.));
#3014=DIRECTION('',(0.,1.,0.));
#3015=DIRECTION('',(0.,0.,-1.));
#3016=DIRECTION('',(0.,-1.,0.));
#3017=DIRECTION('',(-1.,0.,0.));
#3018=DIRECTION('',(-1.,0.,0.));
#3019=DIRECTION('',(0.,1.,0.));
#3020=DIRECTION('',(1.,0.,0.));
#3021=DIRECTION('',(-1.,0.,0.));
#3022=DIRECTION('',(0.371390676354104,0.,0.928476690885259));
#3023=DIRECTION('',(0.371390676354104,0.,-0.928476690885259));
#3024=DIRECTION('',(0.928476690885259,0.,0.371390676354104));
#3025=DIRECTION('',(0.371390676354104,0.,-0.928476690885259));
#3026=DIRECTION('',(0.371390676354104,0.,-0.928476690885259));
#3027=DIRECTION('',(0.,1.,0.));
#3028=DIRECTION('',(0.,1.,0.));
#3029=DIRECTION('',(-0.928476690885259,0.,0.371390676354104));
#3030=DIRECTION('',(0.371390676354104,0.,0.928476690885259));
#3031=DIRECTION('',(0.371390676354104,0.,0.928476690885259));
#3032=DIRECTION('',(0.,1.,0.));
#3033=DIRECTION('',(-0.939692620785908,0.,-0.342020143325669));
#3034=DIRECTION('',(0.342020143325669,0.,-0.939692620785908));
#3035=DIRECTION('',(-0.323615577118185,-0.323615577118185,0.889126490715988));
#3036=DIRECTION('',(0.,-1.,0.));
#3037=DIRECTION('',(-0.323615577118185,0.323615577118185,0.889126490715988));
#3038=DIRECTION('',(0.,-0.939692620785908,-0.342020143325669));
#3039=DIRECTION('',(0.,0.342020143325669,-0.939692620785908));
#3040=DIRECTION('',(0.323615577118185,-0.323615577118185,0.889126490715988));
#3041=DIRECTION('',(1.,0.,0.));
#3042=DIRECTION('',(0.939692620785908,0.,-0.342020143325669));
#3043=DIRECTION('',(-0.342020143325669,0.,-0.939692620785908));
#3044=DIRECTION('',(0.323615577118185,0.323615577118185,0.889126490715988));
#3045=DIRECTION('',(0.,1.,0.));
#3046=DIRECTION('',(0.,0.939692620785908,-0.342020143325669));
#3047=DIRECTION('',(0.,-0.342020143325669,-0.939692620785908));
#3048=DIRECTION('',(-1.,0.,0.));
#3049=DIRECTION('',(1.,0.,0.));
#3050=DIRECTION('',(0.,-1.,0.));
#3051=DIRECTION('',(0.,-1.,0.));
#3052=DIRECTION('',(0.,2.13425624505021E-16,-1.));
#3053=DIRECTION('',(0.,-1.,0.));
#3054=DIRECTION('',(0.,0.707106781186548,0.707106781186547));
#3055=DIRECTION('',(0.,1.,3.55709374175034E-17));
#3056=DIRECTION('',(0.,0.707106781186548,-0.707106781186548));
#3057=DIRECTION('',(0.,0.,1.));
#3058=DIRECTION('',(1.,0.,0.));
#3059=DIRECTION('',(0.,-1.,0.));
#3060=DIRECTION('',(0.,0.707106781186548,0.707106781186547));
#3061=DIRECTION('',(0.,1.,0.));
#3062=DIRECTION('',(0.,2.13425624505021E-16,-1.));
#3063=DIRECTION('',(0.,-1.,0.));
#3064=DIRECTION('',(0.,0.,1.));
#3065=DIRECTION('',(0.,0.707106781186548,-0.707106781186548));
#3066=DIRECTION('',(0.,1.,3.55709374175034E-17));
#3067=DIRECTION('',(0.,-3.55709374175034E-17,1.));
#3068=DIRECTION('',(0.,-1.,-3.55709374175034E-17));
#3069=DIRECTION('',(-1.,0.,0.));
#3070=DIRECTION('',(-1.,0.,0.));
#3071=DIRECTION('',(0.,-0.707106781186548,0.707106781186548));
#3072=DIRECTION('',(0.,-0.707106781186548,-0.707106781186547));
#3073=DIRECTION('',(-1.,0.,0.));
#3074=DIRECTION('',(0.,0.707106781186548,0.707106781186548));
#3075=DIRECTION('',(0.,-0.707106781186548,0.707106781186548));
#3076=DIRECTION('',(-1.,0.,0.));
#3077=DIRECTION('',(0.,1.,0.));
#3078=DIRECTION('',(1.,0.,0.));
#3079=DIRECTION('',(-1.,0.,0.));
#3080=DIRECTION('',(0.,0.,-1.));
#3081=DIRECTION('',(1.,0.,0.));
#3082=DIRECTION('',(0.,1.,0.));
#3083=DIRECTION('',(1.,0.,0.));
#3084=DIRECTION('',(-1.,0.,0.));
#3085=DIRECTION('',(0.,0.,1.));
#3086=DIRECTION('',(1.,0.,0.));
#3087=DIRECTION('',(1.,0.,0.));
#3088=DIRECTION('',(0.,0.,-1.));
#3089=DIRECTION('',(-1.,0.,0.));
#3090=DIRECTION('',(-1.,0.,0.));
#3091=DIRECTION('',(0.,1.,0.));
#3092=DIRECTION('',(0.,-1.,0.));
#3093=DIRECTION('',(0.,-1.,0.));
#3094=DIRECTION('',(0.,0.,-1.));
#3095=DIRECTION('',(0.,1.,0.));
#3096=DIRECTION('',(1.,0.,0.));
#3097=DIRECTION('',(0.,-1.,0.));
#3098=DIRECTION('',(0.,-1.,0.));
#3099=DIRECTION('',(0.,-1.,0.));
#3100=DIRECTION('',(0.,0.,1.));
#3101=DIRECTION('',(0.,0.,-1.));
#3102=DIRECTION('',(0.,1.,0.));
#3103=DIRECTION('',(0.,-1.,0.));
#3104=DIRECTION('',(1.,0.,0.));
#3105=DIRECTION('',(0.,0.,1.));
#3106=DIRECTION('',(0.,-1.,0.));
#3107=DIRECTION('',(0.,-1.,0.));
#3108=DIRECTION('',(-1.,0.,0.));
#3109=DIRECTION('',(-1.,0.,0.));
#3110=DIRECTION('',(0.,1.,0.));
#3111=DIRECTION('',(1.,0.,0.));
#3112=DIRECTION('',(0.,1.,0.));
#3113=DIRECTION('',(1.,0.,0.));
#3114=DIRECTION('',(1.,0.,0.));
#3115=DIRECTION('',(0.,-1.,0.));
#3116=DIRECTION('',(0.,0.,1.));
#3117=DIRECTION('',(1.,0.,0.));
#3118=DIRECTION('',(-1.,0.,0.));
#3119=DIRECTION('',(0.,1.,0.));
#3120=DIRECTION('',(0.,0.,1.));
#3121=DIRECTION('',(0.,-1.,0.));
#3122=DIRECTION('',(0.,0.,-1.));
#3123=DIRECTION('',(0.,-0.707106781186547,-0.707106781186548));
#3124=DIRECTION('',(0.,-1.,0.));
#3125=DIRECTION('',(0.,-0.707106781186546,0.707106781186549));
#3126=DIRECTION('',(1.,0.,0.));
#3127=DIRECTION('',(0.,-1.,0.));
#3128=DIRECTION('',(0.,0.,-1.));
#3129=DIRECTION('',(0.,0.707106781186546,-0.707106781186549));
#3130=DIRECTION('',(0.,1.,0.));
#3131=DIRECTION('',(0.,0.707106781186547,0.707106781186548));
#3132=DIRECTION('',(0.,0.,1.));
#3133=DIRECTION('',(0.,-1.,0.));
#3134=DIRECTION('',(1.,0.,0.));
#3135=DIRECTION('',(0.,-1.,0.));
#3136=DIRECTION('',(0.,0.,-1.));
#3137=DIRECTION('',(0.,0.707106781186546,-0.707106781186549));
#3138=DIRECTION('',(0.,1.,0.));
#3139=DIRECTION('',(0.,0.707106781186547,0.707106781186548));
#3140=DIRECTION('',(0.,0.,1.));
#3141=DIRECTION('',(0.,-1.,0.));
#3142=DIRECTION('',(-1.,0.,0.));
#3143=DIRECTION('',(0.,1.,0.));
#3144=DIRECTION('',(0.,0.,1.));
#3145=DIRECTION('',(0.,-1.,0.));
#3146=DIRECTION('',(0.,0.,-1.));
#3147=DIRECTION('',(0.,-0.707106781186547,-0.707106781186548));
#3148=DIRECTION('',(0.,-1.,0.));
#3149=DIRECTION('',(0.,-0.707106781186546,0.707106781186549));
#3150=DIRECTION('',(1.,0.,0.));
#3151=DIRECTION('',(0.,-1.,0.));
#3152=DIRECTION('',(0.,0.,1.));
#3153=DIRECTION('',(0.,-1.,0.));
#3154=DIRECTION('',(0.,0.,-1.));
#3155=DIRECTION('',(0.,0.707106781186547,-0.707106781186548));
#3156=DIRECTION('',(0.,1.,0.));
#3157=DIRECTION('',(0.,0.707106781186546,0.707106781186549));
#3158=DIRECTION('',(-1.,0.,0.));
#3159=DIRECTION('',(0.,1.,0.));
#3160=DIRECTION('',(0.,0.,-1.));
#3161=DIRECTION('',(0.,-0.707106781186546,-0.707106781186549));
#3162=DIRECTION('',(0.,-1.,0.));
#3163=DIRECTION('',(0.,-0.707106781186547,0.707106781186548));
#3164=DIRECTION('',(0.,0.,1.));
#3165=DIRECTION('',(0.,-1.,0.));
#3166=DIRECTION('',(1.,0.,0.));
#3167=DIRECTION('',(0.,-1.,0.));
#3168=DIRECTION('',(0.,0.,1.));
#3169=DIRECTION('',(0.,-1.,0.));
#3170=DIRECTION('',(0.,0.,-1.));
#3171=DIRECTION('',(0.,0.707106781186547,-0.707106781186548));
#3172=DIRECTION('',(0.,1.,0.));
#3173=DIRECTION('',(0.,0.707106781186546,0.707106781186549));
#3174=DIRECTION('',(-1.,0.,0.));
#3175=DIRECTION('',(0.,1.,0.));
#3176=DIRECTION('',(0.,0.,-1.));
#3177=DIRECTION('',(0.,-0.707106781186546,-0.707106781186549));
#3178=DIRECTION('',(0.,-1.,0.));
#3179=DIRECTION('',(0.,-0.707106781186547,0.707106781186548));
#3180=DIRECTION('',(0.,0.,1.));
#3181=DIRECTION('',(0.,-1.,0.));
#3182=DIRECTION('',(1.,0.,0.));
#3183=DIRECTION('',(0.,-1.,0.));
#3184=DIRECTION('',(0.,0.,1.));
#3185=DIRECTION('',(1.,0.,0.));
#3186=DIRECTION('',(0.,-1.,0.));
#3187=DIRECTION('',(0.,-1.,0.));
#3188=DIRECTION('',(0.,-0.707106781186549,-0.707106781186547));
#3189=DIRECTION('',(0.,0.,1.));
#3190=DIRECTION('',(0.,0.707106781186548,-0.707106781186547));
#3191=DIRECTION('',(0.,1.,0.));
#3192=DIRECTION('',(1.,0.,0.));
#3193=DIRECTION('',(0.,-1.,0.));
#3194=DIRECTION('',(0.,0.,-1.));
#3195=DIRECTION('',(0.,-1.,0.));
#3196=DIRECTION('',(-1.,0.,0.));
#3197=DIRECTION('',(0.,1.,0.));
#3198=DIRECTION('',(0.,0.,-1.));
#3199=DIRECTION('',(0.,-1.,0.));
#3200=DIRECTION('',(0.,0.,1.));
#3201=DIRECTION('',(-1.,0.,0.));
#3202=DIRECTION('',(0.,1.,0.));
#3203=DIRECTION('',(0.,-1.,0.));
#3204=DIRECTION('',(0.,-0.707106781186548,0.707106781186547));
#3205=DIRECTION('',(0.,0.,-1.));
#3206=DIRECTION('',(0.,0.707106781186549,0.707106781186547));
#3207=DIRECTION('',(0.,1.,0.));
#3208=DIRECTION('',(-1.,0.,0.));
#3209=DIRECTION('',(0.,1.,0.));
#3210=DIRECTION('',(-1.,0.,0.));
#3211=DIRECTION('',(0.,1.,0.));
#3212=DIRECTION('',(0.,0.,-1.));
#3213=DIRECTION('',(0.,-1.,0.));
#3214=DIRECTION('',(0.,0.,1.));
#3215=DIRECTION('',(-1.,0.,0.));
#3216=DIRECTION('',(0.,1.,0.));
#3217=DIRECTION('',(0.,-1.,0.));
#3218=DIRECTION('',(0.,-0.707106781186548,0.707106781186547));
#3219=DIRECTION('',(0.,0.,-1.));
#3220=DIRECTION('',(0.,0.707106781186549,0.707106781186547));
#3221=DIRECTION('',(0.,1.,0.));
#3222=DIRECTION('',(-1.,0.,0.));
#3223=DIRECTION('',(0.,1.,0.));
#3224=DIRECTION('',(1.,0.,0.));
#3225=DIRECTION('',(0.,-1.,0.));
#3226=DIRECTION('',(0.,0.,1.));
#3227=DIRECTION('',(1.,0.,0.));
#3228=DIRECTION('',(0.,-1.,0.));
#3229=DIRECTION('',(0.,-1.,0.));
#3230=DIRECTION('',(0.,-0.707106781186549,-0.707106781186547));
#3231=DIRECTION('',(0.,0.,1.));
#3232=DIRECTION('',(0.,0.707106781186548,-0.707106781186547));
#3233=DIRECTION('',(0.,1.,0.));
#3234=DIRECTION('',(1.,0.,0.));
#3235=DIRECTION('',(0.,-1.,0.));
#3236=DIRECTION('',(0.,0.,-1.));
#3237=DIRECTION('',(0.,-1.,0.));
#3238=DIRECTION('',(1.,0.,0.));
#3239=DIRECTION('',(0.,-1.,0.));
#3240=DIRECTION('',(0.,-0.707106781186549,0.707106781186547));
#3241=DIRECTION('',(0.,-1.,0.));
#3242=DIRECTION('',(1.,0.,0.));
#3243=DIRECTION('',(0.,-1.,0.));
#3244=DIRECTION('',(0.,0.,-1.));
#3245=DIRECTION('',(0.,-1.,0.));
#3246=DIRECTION('',(0.,0.,1.));
#3247=DIRECTION('',(1.,0.,0.));
#3248=DIRECTION('',(0.,-1.,0.));
#3249=DIRECTION('',(0.,1.,0.));
#3250=DIRECTION('',(0.,0.707106781186548,0.707106781186547));
#3251=DIRECTION('',(0.,0.,1.));
#3252=DIRECTION('',(-1.,0.,0.));
#3253=DIRECTION('',(0.,1.,0.));
#3254=DIRECTION('',(0.,0.707106781186549,-0.707106781186547));
#3255=DIRECTION('',(0.,0.,-1.));
#3256=DIRECTION('',(0.,-0.707106781186548,-0.707106781186547));
#3257=DIRECTION('',(0.,-1.,0.));
#3258=DIRECTION('',(-1.,0.,0.));
#3259=DIRECTION('',(0.,1.,0.));
#3260=DIRECTION('',(0.,0.,-1.));
#3261=DIRECTION('',(0.,-1.,0.));
#3262=DIRECTION('',(0.,0.,1.));
#3263=DIRECTION('',(-1.,0.,0.));
#3264=DIRECTION('',(0.,1.,0.));
#3265=DIRECTION('',(0.,1.,0.));
#3266=DIRECTION('',(1.,0.,0.));
#3267=DIRECTION('',(0.,-1.,0.));
#3268=DIRECTION('',(0.,-0.707106781186549,0.707106781186547));
#3269=DIRECTION('',(0.,-1.,0.));
#3270=DIRECTION('',(1.,0.,0.));
#3271=DIRECTION('',(0.,-1.,0.));
#3272=DIRECTION('',(0.,0.,-1.));
#3273=DIRECTION('',(0.,-1.,0.));
#3274=DIRECTION('',(0.,0.,1.));
#3275=DIRECTION('',(1.,0.,0.));
#3276=DIRECTION('',(0.,-1.,0.));
#3277=DIRECTION('',(0.,1.,0.));
#3278=DIRECTION('',(0.,0.707106781186548,0.707106781186547));
#3279=DIRECTION('',(0.,0.,1.));
#3280=DIRECTION('',(-1.,0.,0.));
#3281=DIRECTION('',(0.,1.,0.));
#3282=DIRECTION('',(0.,0.707106781186549,-0.707106781186547));
#3283=DIRECTION('',(0.,0.,-1.));
#3284=DIRECTION('',(0.,-0.707106781186548,-0.707106781186547));
#3285=DIRECTION('',(0.,-1.,0.));
#3286=DIRECTION('',(-1.,0.,0.));
#3287=DIRECTION('',(0.,1.,0.));
#3288=DIRECTION('',(0.,0.,-1.));
#3289=DIRECTION('',(0.,-1.,0.));
#3290=DIRECTION('',(0.,0.,1.));
#3291=DIRECTION('',(-1.,0.,0.));
#3292=DIRECTION('',(0.,1.,0.));
#3293=DIRECTION('',(0.,1.,0.));
#3294=DIRECTION('',(1.,0.,0.));
#3295=DIRECTION('',(0.,-1.,0.));
#3296=DIRECTION('',(0.,0.,-1.));
#3297=DIRECTION('',(0.,1.,0.));
#3298=DIRECTION('',(0.,0.,1.));
#3299=DIRECTION('',(0.,0.707106781186547,0.707106781186549));
#3300=DIRECTION('',(0.,1.,0.));
#3301=DIRECTION('',(0.,0.707106781186546,-0.707106781186549));
#3302=DIRECTION('',(0.,0.,-1.));
#3303=DIRECTION('',(1.,0.,0.));
#3304=DIRECTION('',(0.,-1.,0.));
#3305=DIRECTION('',(0.,1.,0.));
#3306=DIRECTION('',(0.,0.707106781186549,-0.707106781186547));
#3307=DIRECTION('',(0.,0.,-1.));
#3308=DIRECTION('',(0.,-0.707106781186549,-0.707106781186546));
#3309=DIRECTION('',(0.,-1.,0.));
#3310=DIRECTION('',(1.,0.,0.));
#3311=DIRECTION('',(0.,-1.,0.));
#3312=DIRECTION('',(0.,0.,1.));
#3313=DIRECTION('',(0.,-1.,0.));
#3314=DIRECTION('',(0.,0.,-1.));
#3315=DIRECTION('',(1.,0.,0.));
#3316=DIRECTION('',(0.,-1.,0.));
#3317=DIRECTION('',(0.,-1.,0.));
#3318=DIRECTION('',(0.,-0.707106781186549,0.707106781186546));
#3319=DIRECTION('',(0.,0.,1.));
#3320=DIRECTION('',(0.,0.707106781186549,0.707106781186547));
#3321=DIRECTION('',(0.,1.,0.));
#3322=DIRECTION('',(1.,0.,0.));
#3323=DIRECTION('',(0.,-1.,0.));
#3324=DIRECTION('',(0.,0.,1.));
#3325=DIRECTION('',(0.,0.707106781186546,0.707106781186549));
#3326=DIRECTION('',(0.,1.,0.));
#3327=DIRECTION('',(0.,0.707106781186547,-0.707106781186549));
#3328=DIRECTION('',(1.,0.,0.));
#3329=DIRECTION('',(0.,-1.,0.));
#3330=DIRECTION('',(0.,0.,1.));
#3331=DIRECTION('',(1.,0.,0.));
#3332=DIRECTION('',(0.,-1.,0.));
#3333=DIRECTION('',(0.,1.,0.));
#3334=DIRECTION('',(0.,0.707106781186549,0.707106781186547));
#3335=DIRECTION('',(0.,0.,1.));
#3336=DIRECTION('',(0.,-0.707106781186549,0.707106781186546));
#3337=DIRECTION('',(0.,-1.,0.));
#3338=DIRECTION('',(1.,0.,0.));
#3339=DIRECTION('',(0.,-1.,0.));
#3340=DIRECTION('',(0.,0.,-1.));
#3341=DIRECTION('',(0.,-1.,0.));
#3342=DIRECTION('',(0.,0.,1.));
#3343=DIRECTION('',(1.,0.,0.));
#3344=DIRECTION('',(0.,-1.,0.));
#3345=DIRECTION('',(0.,-1.,0.));
#3346=DIRECTION('',(0.,-0.707106781186549,-0.707106781186546));
#3347=DIRECTION('',(0.,0.,-1.));
#3348=DIRECTION('',(0.,0.707106781186549,-0.707106781186547));
#3349=DIRECTION('',(0.,1.,0.));
#3350=DIRECTION('',(1.,0.,0.));
#3351=DIRECTION('',(0.,-1.,0.));
#3352=DIRECTION('',(0.,0.,-1.));
#3353=DIRECTION('',(0.,0.707106781186546,-0.707106781186549));
#3354=DIRECTION('',(0.,1.,0.));
#3355=DIRECTION('',(0.,0.707106781186547,0.707106781186549));
#3356=DIRECTION('',(0.,0.,1.));
#3357=DIRECTION('',(0.,1.,0.));
#3358=DIRECTION('',(0.,0.,-1.));
#3359=DIRECTION('',(0.,0.707106781186547,-0.707106781186549));
#3360=DIRECTION('',(0.,1.,0.));
#3361=DIRECTION('',(0.,0.707106781186546,0.707106781186549));
#3362=DIRECTION('',(0.,0.,1.));
#3363=DIRECTION('',(0.,-1.,0.));
#3364=DIRECTION('',(-1.,0.,0.));
#3365=DIRECTION('',(-1.,0.,2.51088970005907E-16));
#3366=DIRECTION('',(-1.,0.,0.));
#3367=DIRECTION('',(-1.,0.,2.51088970005907E-16));
#3368=DIRECTION('',(-1.,0.,0.));
#3369=DIRECTION('',(-1.,0.,0.));
#3370=DIRECTION('',(1.,0.,-2.51088970005907E-16));
#3371=DIRECTION('',(-1.,0.,0.));
#3372=DIRECTION('',(1.,0.,-2.51088970005907E-16));
#3373=DIRECTION('',(-1.,0.,0.));
#3374=DIRECTION('',(0.,0.,-1.));
#3375=DIRECTION('',(0.,1.,0.));
#3376=DIRECTION('',(-1.,0.,0.));
#3377=DIRECTION('',(-1.,0.,0.));
#3378=DIRECTION('',(-1.,0.,0.));
#3379=DIRECTION('',(-1.,0.,0.));
#3380=DIRECTION('',(1.,0.,0.));
#3381=DIRECTION('',(-1.,0.,0.));
#3382=DIRECTION('',(1.,0.,0.));
#3383=DIRECTION('',(-1.,0.,0.));
#3384=DIRECTION('',(-1.,0.,0.));
#3385=DIRECTION('',(-1.,0.,0.));
#3386=DIRECTION('',(0.,-0.707106781186548,0.707106781186548));
#3387=DIRECTION('',(0.,-0.707106781186548,-0.707106781186548));
#3388=DIRECTION('',(-1.,0.,0.));
#3389=DIRECTION('',(-1.,0.,0.));
#3390=DIRECTION('',(0.,-0.707106781186548,0.707106781186548));
#3391=DIRECTION('',(0.,-0.707106781186548,-0.707106781186548));
#3392=DIRECTION('',(-1.,0.,0.));
#3393=DIRECTION('',(-1.,0.,0.));
#3394=DIRECTION('',(0.,-0.707106781186548,0.707106781186548));
#3395=DIRECTION('',(0.,-0.707106781186548,-0.707106781186548));
#3396=DIRECTION('',(-1.,0.,0.));
#3397=DIRECTION('',(-1.,0.,0.));
#3398=DIRECTION('',(0.,0.,1.));
#3399=DIRECTION('',(0.,-1.,0.));
#3400=DIRECTION('',(-1.,0.,0.));
#3401=DIRECTION('',(0.,0.,1.));
#3402=DIRECTION('',(0.,-1.,0.));
#3403=DIRECTION('',(-1.,0.,0.));
#3404=DIRECTION('',(0.,0.,1.));
#3405=DIRECTION('',(0.,-1.,0.));
#3406=DIRECTION('',(-1.,0.,0.));
#3407=DIRECTION('',(-1.,0.,0.));
#3408=DIRECTION('',(0.,1.,0.));
#3409=DIRECTION('',(-1.,0.,0.));
#3410=DIRECTION('',(-1.,0.,0.));
#3411=DIRECTION('',(0.,1.,0.));
#3412=DIRECTION('',(-1.,0.,0.));
#3413=DIRECTION('',(-1.,0.,0.));
#3414=DIRECTION('',(0.,1.,0.));
#3415=DIRECTION('',(-1.,0.,0.));
#3416=DIRECTION('',(-1.,0.,0.));
#3417=DIRECTION('',(0.,1.,0.));
#3418=DIRECTION('',(-1.,0.,0.));
#3419=DIRECTION('',(-1.,0.,0.));
#3420=DIRECTION('',(-1.,0.,0.));
#3421=DIRECTION('',(0.,1.,0.));
#3422=DIRECTION('',(-1.,0.,0.));
#3423=DIRECTION('',(-1.,0.,0.));
#3424=DIRECTION('',(-1.,0.,0.));
#3425=DIRECTION('',(0.,1.,0.));
#3426=DIRECTION('',(-1.,0.,0.));
#3427=DIRECTION('',(-1.,0.,0.));
#3428=DIRECTION('',(0.,0.,1.));
#3429=DIRECTION('',(0.,-1.,0.));
#3430=DIRECTION('',(-1.,0.,0.));
#3431=DIRECTION('',(0.,0.,1.));
#3432=DIRECTION('',(0.,-1.,0.));
#3433=DIRECTION('',(-1.,0.,0.));
#3434=DIRECTION('',(0.,0.,1.));
#3435=DIRECTION('',(0.,-1.,0.));
#3436=DIRECTION('',(-1.,0.,0.));
#3437=DIRECTION('',(0.,0.707106781186548,0.707106781186548));
#3438=DIRECTION('',(0.,-0.707106781186548,0.707106781186548));
#3439=DIRECTION('',(-1.,0.,0.));
#3440=DIRECTION('',(0.,0.707106781186548,0.707106781186548));
#3441=DIRECTION('',(0.,-0.707106781186548,0.707106781186548));
#3442=DIRECTION('',(-1.,0.,0.));
#3443=DIRECTION('',(0.,0.707106781186548,0.707106781186548));
#3444=DIRECTION('',(0.,-0.707106781186548,0.707106781186548));
#3445=DIRECTION('',(-1.,0.,0.));
#3446=DIRECTION('',(0.,1.,0.));
#3447=DIRECTION('',(1.,0.,0.));
#3448=DIRECTION('',(-1.,0.,0.));
#3449=DIRECTION('',(0.,1.,0.));
#3450=DIRECTION('',(1.,0.,0.));
#3451=DIRECTION('',(-1.,0.,0.));
#3452=DIRECTION('',(0.,1.,0.));
#3453=DIRECTION('',(1.,0.,0.));
#3454=DIRECTION('',(-1.,0.,0.));
#3455=DIRECTION('',(0.,0.707106781186548,-0.707106781186548));
#3456=DIRECTION('',(0.,0.707106781186548,0.707106781186548));
#3457=DIRECTION('',(-1.,0.,0.));
#3458=DIRECTION('',(0.,0.707106781186548,-0.707106781186548));
#3459=DIRECTION('',(0.,0.707106781186548,0.707106781186548));
#3460=DIRECTION('',(-1.,0.,0.));
#3461=DIRECTION('',(0.,0.707106781186548,-0.707106781186548));
#3462=DIRECTION('',(0.,0.707106781186548,0.707106781186548));
#3463=DIRECTION('',(-1.,0.,0.));
#3464=DIRECTION('',(0.,0.,-1.));
#3465=DIRECTION('',(0.,1.,0.));
#3466=DIRECTION('',(-1.,0.,0.));
#3467=DIRECTION('',(0.,0.,-1.));
#3468=DIRECTION('',(0.,1.,0.));
#3469=DIRECTION('',(-1.,0.,0.));
#3470=DIRECTION('',(0.,0.,-1.));
#3471=DIRECTION('',(0.,1.,0.));
#3472=DIRECTION('',(-1.,0.,0.));
#3473=DIRECTION('',(-1.,0.,0.));
#3474=DIRECTION('',(0.,1.,0.));
#3475=DIRECTION('',(-1.,0.,0.));
#3476=DIRECTION('',(-1.,0.,0.));
#3477=DIRECTION('',(0.,1.,0.));
#3478=DIRECTION('',(-1.,0.,0.));
#3479=DIRECTION('',(-1.,0.,0.));
#3480=DIRECTION('',(0.,1.,0.));
#3481=DIRECTION('',(-1.,0.,0.));
#3482=DIRECTION('',(0.,-1.,0.));
#3483=DIRECTION('',(-1.,0.,0.));
#3484=DIRECTION('',(0.,-1.,0.));
#3485=DIRECTION('',(-1.,0.,0.));
#3486=DIRECTION('',(0.,-1.,0.));
#3487=DIRECTION('',(-1.,0.,0.));
#3488=DIRECTION('',(0.,1.,0.));
#3489=DIRECTION('',(1.,0.,0.));
#3490=DIRECTION('',(-1.,0.,0.));
#3491=DIRECTION('',(0.,1.,0.));
#3492=DIRECTION('',(1.,0.,0.));
#3493=DIRECTION('',(-1.,0.,0.));
#3494=DIRECTION('',(0.,1.,0.));
#3495=DIRECTION('',(1.,0.,0.));
#3496=DIRECTION('',(-1.,0.,0.));
#3497=DIRECTION('',(-1.,0.,0.));
#3498=DIRECTION('',(0.,1.,0.));
#3499=DIRECTION('',(-1.,0.,0.));
#3500=DIRECTION('',(-1.,0.,0.));
#3501=DIRECTION('',(0.,1.,0.));
#3502=DIRECTION('',(-1.,0.,0.));
#3503=DIRECTION('',(-1.,0.,0.));
#3504=DIRECTION('',(0.,1.,0.));
#3505=DIRECTION('',(-1.,0.,0.));
#3506=DIRECTION('',(0.,0.,-1.));
#3507=DIRECTION('',(0.,1.,0.));
#3508=DIRECTION('',(-1.,0.,0.));
#3509=DIRECTION('',(0.,0.,-1.));
#3510=DIRECTION('',(0.,1.,0.));
#3511=DIRECTION('',(-1.,0.,0.));
#3512=DIRECTION('',(0.,0.,-1.));
#3513=DIRECTION('',(0.,1.,0.));
#3514=DIRECTION('',(-1.,0.,0.));
#3515=DIRECTION('',(0.,-0.707106781186548,-0.707106781186548));
#3516=DIRECTION('',(0.,0.707106781186548,-0.707106781186548));
#3517=DIRECTION('',(-1.,0.,0.));
#3518=DIRECTION('',(0.,-0.707106781186548,-0.707106781186548));
#3519=DIRECTION('',(0.,0.707106781186548,-0.707106781186548));
#3520=DIRECTION('',(-1.,0.,0.));
#3521=DIRECTION('',(0.,-0.707106781186548,-0.707106781186548));
#3522=DIRECTION('',(0.,0.707106781186548,-0.707106781186548));
#3523=DIRECTION('',(-1.,0.,0.));
#3524=DIRECTION('',(0.,-1.,0.));
#3525=DIRECTION('',(-1.,0.,0.));
#3526=DIRECTION('',(0.,-1.,0.));
#3527=DIRECTION('',(-1.,0.,0.));
#3528=DIRECTION('',(0.,-1.,0.));
#3529=DIRECTION('',(-1.,0.,0.));
#3530=DIRECTION('',(0.,-0.707106781186548,0.707106781186548));
#3531=DIRECTION('',(0.,-0.707106781186548,-0.707106781186548));
#3532=DIRECTION('',(-1.,0.,0.));
#3533=DIRECTION('',(-1.,0.,0.));
#3534=DIRECTION('',(0.,-0.707106781186548,0.707106781186548));
#3535=DIRECTION('',(0.,-0.707106781186548,-0.707106781186548));
#3536=DIRECTION('',(-1.,0.,0.));
#3537=DIRECTION('',(-1.,0.,0.));
#3538=DIRECTION('',(0.,-0.707106781186548,0.707106781186548));
#3539=DIRECTION('',(0.,-0.707106781186548,-0.707106781186548));
#3540=DIRECTION('',(-1.,0.,0.));
#3541=DIRECTION('',(-1.,0.,0.));
#3542=DIRECTION('',(0.,0.,1.));
#3543=DIRECTION('',(0.,-1.,0.));
#3544=DIRECTION('',(-1.,0.,0.));
#3545=DIRECTION('',(0.,0.,1.));
#3546=DIRECTION('',(0.,-1.,0.));
#3547=DIRECTION('',(-1.,0.,0.));
#3548=DIRECTION('',(0.,0.,1.));
#3549=DIRECTION('',(0.,-1.,0.));
#3550=DIRECTION('',(-1.,0.,0.));
#3551=DIRECTION('',(0.,0.707106781186548,0.707106781186548));
#3552=DIRECTION('',(0.,-0.707106781186548,0.707106781186548));
#3553=DIRECTION('',(-1.,0.,0.));
#3554=DIRECTION('',(0.,0.707106781186548,0.707106781186548));
#3555=DIRECTION('',(0.,-0.707106781186548,0.707106781186548));
#3556=DIRECTION('',(-1.,0.,0.));
#3557=DIRECTION('',(0.,0.707106781186548,0.707106781186548));
#3558=DIRECTION('',(0.,-0.707106781186548,0.707106781186548));
#3559=DIRECTION('',(-1.,0.,0.));
#3560=DIRECTION('',(0.,1.,0.));
#3561=DIRECTION('',(1.,0.,0.));
#3562=DIRECTION('',(0.,1.,0.));
#3563=DIRECTION('',(1.,0.,0.));
#3564=DIRECTION('',(0.,1.,0.));
#3565=DIRECTION('',(1.,0.,0.));
#3566=DIRECTION('',(0.,-1.,0.));
#3567=DIRECTION('',(-1.,0.,0.));
#3568=DIRECTION('',(-1.,0.,0.));
#3569=DIRECTION('',(0.,-1.,0.));
#3570=DIRECTION('',(-1.,0.,0.));
#3571=DIRECTION('',(-1.,0.,0.));
#3572=DIRECTION('',(0.,-1.,0.));
#3573=DIRECTION('',(-1.,0.,0.));
#3574=DIRECTION('',(-1.,0.,0.));
#3575=DIRECTION('',(0.,-0.707106781186548,0.707106781186548));
#3576=DIRECTION('',(0.,-0.707106781186548,-0.707106781186548));
#3577=DIRECTION('',(-1.,0.,0.));
#3578=DIRECTION('',(0.,-0.707106781186548,0.707106781186548));
#3579=DIRECTION('',(0.,-0.707106781186548,-0.707106781186548));
#3580=DIRECTION('',(-1.,0.,0.));
#3581=DIRECTION('',(0.,-0.707106781186548,0.707106781186548));
#3582=DIRECTION('',(0.,-0.707106781186548,-0.707106781186548));
#3583=DIRECTION('',(-1.,0.,0.));
#3584=DIRECTION('',(0.,0.,1.));
#3585=DIRECTION('',(0.,-1.,0.));
#3586=DIRECTION('',(-1.,0.,0.));
#3587=DIRECTION('',(0.,0.,1.));
#3588=DIRECTION('',(0.,-1.,0.));
#3589=DIRECTION('',(-1.,0.,0.));
#3590=DIRECTION('',(0.,0.,1.));
#3591=DIRECTION('',(0.,-1.,0.));
#3592=DIRECTION('',(-1.,0.,0.));
#3593=DIRECTION('',(0.,0.707106781186548,0.707106781186548));
#3594=DIRECTION('',(0.,-0.707106781186548,0.707106781186548));
#3595=DIRECTION('',(-1.,0.,0.));
#3596=DIRECTION('',(0.,0.707106781186548,0.707106781186548));
#3597=DIRECTION('',(0.,-0.707106781186548,0.707106781186548));
#3598=DIRECTION('',(-1.,0.,0.));
#3599=DIRECTION('',(0.,0.707106781186548,0.707106781186548));
#3600=DIRECTION('',(0.,-0.707106781186548,0.707106781186548));
#3601=DIRECTION('',(-1.,0.,0.));
#3602=DIRECTION('',(0.,-1.,0.));
#3603=DIRECTION('',(-1.,0.,0.));
#3604=DIRECTION('',(0.,1.,0.));
#3605=DIRECTION('',(1.,0.,0.));
#3606=DIRECTION('',(0.,0.,1.));
#3607=DIRECTION('',(1.,0.,0.));
#3608=CARTESIAN_POINT('',(0.,0.,0.));
#3609=CARTESIAN_POINT('',(0.,-0.0002286,0.));
#3610=CARTESIAN_POINT('',(0.0004826,-0.0002286,0.));
#3611=CARTESIAN_POINT('',(0.0004826,-0.0002286,0.));
#3612=CARTESIAN_POINT('',(-0.0004826,-0.0002286,0.));
#3613=CARTESIAN_POINT('',(-0.0004826,-0.0002286,0.));
#3614=CARTESIAN_POINT('',(0.,-0.0002286,0.0012192));
#3615=CARTESIAN_POINT('',(0.,-0.0002286,0.0012192));
#3616=CARTESIAN_POINT('',(0.,5.08E-05,0.0012192));
#3617=CARTESIAN_POINT('',(0.0004826,5.08E-05,0.));
#3618=CARTESIAN_POINT('',(0.0004826,0.,0.));
#3619=CARTESIAN_POINT('',(0.,5.08E-05,0.0012192));
#3620=CARTESIAN_POINT('',(5.42101086242753E-20,0.,0.0012192));
#3621=CARTESIAN_POINT('',(0.000417227166979361,0.,0.000165152420262664));
#3622=CARTESIAN_POINT('',(-0.0004826,5.08E-05,0.));
#3623=CARTESIAN_POINT('',(-0.0004826,5.08E-05,0.));
#3624=CARTESIAN_POINT('',(-0.0004826,0.,0.));
#3625=CARTESIAN_POINT('',(-0.000417227166979361,0.,0.000165152420262664));
#3626=CARTESIAN_POINT('',(0.,-0.000254,0.));
#3627=CARTESIAN_POINT('',(0.000508,-0.000254,0.));
#3628=CARTESIAN_POINT('',(0.000508,-0.000254,0.));
#3629=CARTESIAN_POINT('',(-0.000508,-0.000254,0.));
#3630=CARTESIAN_POINT('',(0.,-0.000254,0.00127));
#3631=CARTESIAN_POINT('',(0.,-0.000254,0.00127));
#3632=CARTESIAN_POINT('',(-0.000508,-0.000254,0.));
#3633=CARTESIAN_POINT('',(0.,-0.000254,0.00127));
#3634=CARTESIAN_POINT('',(0.,0.,0.00127));
#3635=CARTESIAN_POINT('',(0.,0.,0.00127));
#3636=CARTESIAN_POINT('',(0.000508,0.,0.));
#3637=CARTESIAN_POINT('',(0.,-0.000254,0.00127));
#3638=CARTESIAN_POINT('',(0.000508,-0.000254,0.));
#3639=CARTESIAN_POINT('',(-0.000508,-0.000254,0.));
#3640=CARTESIAN_POINT('',(-0.000508,0.,0.));
#3641=CARTESIAN_POINT('',(-0.000508,0.,0.));
#3642=CARTESIAN_POINT('',(-0.000508,-0.000254,0.));
#3643=CARTESIAN_POINT('',(0.,0.,0.));
#3644=CARTESIAN_POINT('',(0.000508,0.,0.));
#3645=CARTESIAN_POINT('',(0.000508,0.,0.));
#3646=CARTESIAN_POINT('',(0.000508,-0.000254,0.));
#3647=CARTESIAN_POINT('',(-0.00127,0.00254,-0.005334));
#3648=CARTESIAN_POINT('',(-0.004953,-0.000635,-0.005334));
#3649=CARTESIAN_POINT('',(-0.004953,-0.000635,0.));
#3650=CARTESIAN_POINT('',(-0.004953,-0.000635,0.));
#3651=CARTESIAN_POINT('',(-0.004953,0.000635,0.));
#3652=CARTESIAN_POINT('',(-0.004953,0.000635,-0.005334));
#3653=CARTESIAN_POINT('',(-0.004953,0.000635,-0.005334));
#3654=CARTESIAN_POINT('',(-0.004953,-0.000635,-0.005334));
#3655=CARTESIAN_POINT('',(-0.004953,-0.000635,-0.005334));
#3656=CARTESIAN_POINT('',(-0.004953,-0.000635,-0.005334));
#3657=CARTESIAN_POINT('',(-0.005334,-0.000635,-0.005334));
#3658=CARTESIAN_POINT('',(-0.005334,-0.000635,0.));
#3659=CARTESIAN_POINT('',(-0.00508,-0.000635,0.));
#3660=CARTESIAN_POINT('',(-0.005334,-0.000635,-0.005334));
#3661=CARTESIAN_POINT('',(-0.00508,-0.000635,-0.005334));
#3662=CARTESIAN_POINT('',(-0.00508,-0.000635,-0.005334));
#3663=CARTESIAN_POINT('',(-0.004953,0.000635,-0.005334));
#3664=CARTESIAN_POINT('',(-0.004953,0.000635,-0.005334));
#3665=CARTESIAN_POINT('',(-0.00508,0.000635,-0.005334));
#3666=CARTESIAN_POINT('',(-0.004953,0.000635,0.));
#3667=CARTESIAN_POINT('',(-0.00508,0.000635,0.));
#3668=CARTESIAN_POINT('',(-0.00508,0.000635,-0.005334));
#3669=CARTESIAN_POINT('',(-0.00127,-0.00254,-0.005334));
#3670=CARTESIAN_POINT('',(0.0041402,-0.00254,-0.001524));
#3671=CARTESIAN_POINT('',(-0.00127,-0.00254,-0.001524));
#3672=CARTESIAN_POINT('',(-0.0041402,-0.00254,-0.001524));
#3673=CARTESIAN_POINT('',(-0.0041402,-0.00254,-0.005334));
#3674=CARTESIAN_POINT('',(-0.0041402,-0.00254,-0.005334));
#3675=CARTESIAN_POINT('',(-0.00127,-0.00254,-0.005334));
#3676=CARTESIAN_POINT('',(-0.00127,-0.00254,-0.005334));
#3677=CARTESIAN_POINT('',(-0.00127,-0.00254,-0.005334));
#3678=CARTESIAN_POINT('',(-0.00127,-0.003048,-0.005334));
#3679=CARTESIAN_POINT('',(-0.00127,-0.003048,-0.002032));
#3680=CARTESIAN_POINT('',(-0.00127,-0.003048,-0.002032));
#3681=CARTESIAN_POINT('',(-0.00127,-0.003048,-0.005334));
#3682=CARTESIAN_POINT('',(-0.00127,-0.003048,-0.005334));
#3683=CARTESIAN_POINT('',(-0.00127,-0.003048,-0.005334));
#3684=CARTESIAN_POINT('',(0.00127,-0.00254,-0.005334));
#3685=CARTESIAN_POINT('',(0.00127,-0.003048,-0.002032));
#3686=CARTESIAN_POINT('',(0.00127,-0.00254,-0.001524));
#3687=CARTESIAN_POINT('',(0.00127,-0.003048,-0.002032));
#3688=CARTESIAN_POINT('',(0.00127,-0.003048,-0.005334));
#3689=CARTESIAN_POINT('',(0.00127,-0.003048,-0.005334));
#3690=CARTESIAN_POINT('',(0.00127,-0.00254,-0.005334));
#3691=CARTESIAN_POINT('',(0.00127,-0.00254,-0.005334));
#3692=CARTESIAN_POINT('',(0.00127,-0.00254,-0.005334));
#3693=CARTESIAN_POINT('',(-0.00127,-0.00254,-0.005334));
#3694=CARTESIAN_POINT('',(0.0041402,-0.00254,-0.001524));
#3695=CARTESIAN_POINT('',(0.0041402,-0.00254,-0.001524));
#3696=CARTESIAN_POINT('',(0.0041402,-0.00254,-0.005334));
#3697=CARTESIAN_POINT('',(0.0041402,-0.00254,-0.005334));
#3698=CARTESIAN_POINT('',(0.0041402,-0.00254,-0.005334));
#3699=CARTESIAN_POINT('',(0.,0.,-0.001651));
#3700=CARTESIAN_POINT('',(0.004191,-0.001778,-0.001651));
#3701=CARTESIAN_POINT('',(0.004191,-0.001778,-0.001651));
#3702=CARTESIAN_POINT('',(-0.004191,-0.001778,-0.001651));
#3703=CARTESIAN_POINT('',(-0.004191,-0.001778,-0.001651));
#3704=CARTESIAN_POINT('',(-0.004191,0.001778,-0.001651));
#3705=CARTESIAN_POINT('',(-0.004191,0.001778,-0.001651));
#3706=CARTESIAN_POINT('',(0.004191,0.001778,-0.001651));
#3707=CARTESIAN_POINT('',(0.004191,0.001778,-0.001651));
#3708=CARTESIAN_POINT('',(0.004191,0.001778,-0.001651));
#3709=CARTESIAN_POINT('',(0.004191,0.001778,-0.004572));
#3710=CARTESIAN_POINT('',(0.004191,0.001778,-0.004572));
#3711=CARTESIAN_POINT('',(0.004191,-0.001778,-0.004572));
#3712=CARTESIAN_POINT('',(0.004191,-0.001778,-0.001651));
#3713=CARTESIAN_POINT('',(0.004191,0.001778,-0.001651));
#3714=CARTESIAN_POINT('',(-0.004191,0.001778,-0.001651));
#3715=CARTESIAN_POINT('',(-0.004191,0.001778,-0.004572));
#3716=CARTESIAN_POINT('',(-0.004191,0.001778,-0.004572));
#3717=CARTESIAN_POINT('',(-0.004191,0.001778,-0.001651));
#3718=CARTESIAN_POINT('',(-0.004191,-0.001778,-0.001651));
#3719=CARTESIAN_POINT('',(-0.004191,-0.001778,-0.004572));
#3720=CARTESIAN_POINT('',(-0.004191,-0.001778,-0.004572));
#3721=CARTESIAN_POINT('',(-0.004191,-0.001778,-0.001651));
#3722=CARTESIAN_POINT('',(0.004191,-0.001778,-0.001651));
#3723=CARTESIAN_POINT('',(0.004191,-0.001778,-0.004572));
#3724=CARTESIAN_POINT('',(0.,0.002286,0.));
#3725=CARTESIAN_POINT('',(-0.000762,0.002286,-0.005334));
#3726=CARTESIAN_POINT('',(-0.000762,0.002286,-0.005334));
#3727=CARTESIAN_POINT('',(-0.001778,0.002286,-0.005334));
#3728=CARTESIAN_POINT('',(-0.001778,0.002286,-0.005334));
#3729=CARTESIAN_POINT('',(-0.00127,0.002286,-0.004064));
#3730=CARTESIAN_POINT('',(-0.00127,0.002286,-0.004064));
#3731=CARTESIAN_POINT('',(-0.00127,0.002286,-0.004064));
#3732=CARTESIAN_POINT('',(-0.00127,0.00254,-0.004064));
#3733=CARTESIAN_POINT('',(-0.00127,0.00254,-0.004064));
#3734=CARTESIAN_POINT('',(-0.000762,0.00254,-0.005334));
#3735=CARTESIAN_POINT('',(-0.000762,0.002286,-0.005334));
#3736=CARTESIAN_POINT('',(-0.00127,0.002286,-0.004064));
#3737=CARTESIAN_POINT('',(-0.001778,0.002286,-0.005334));
#3738=CARTESIAN_POINT('',(-0.001778,0.00254,-0.005334));
#3739=CARTESIAN_POINT('',(-0.001778,0.00254,-0.005334));
#3740=CARTESIAN_POINT('',(-0.001778,0.002286,-0.005334));
#3741=CARTESIAN_POINT('',(0.004191,0.001778,-0.004572));
#3742=CARTESIAN_POINT('',(0.004191,0.001778,-0.004572));
#3743=CARTESIAN_POINT('',(0.00446834531851084,0.00205534531851084,-0.005334));
#3744=CARTESIAN_POINT('',(0.00446834531851084,0.001778,-0.005334));
#3745=CARTESIAN_POINT('',(0.00446834531851084,-0.00205534531851084,-0.005334));
#3746=CARTESIAN_POINT('',(0.004191,-0.001778,-0.004572));
#3747=CARTESIAN_POINT('',(-0.004191,0.001778,-0.004572));
#3748=CARTESIAN_POINT('',(-0.004191,0.001778,-0.004572));
#3749=CARTESIAN_POINT('',(-0.00446834531851084,0.00205534531851084,-0.005334));
#3750=CARTESIAN_POINT('',(-0.004191,0.00205534531851084,-0.005334));
#3751=CARTESIAN_POINT('',(-0.004191,-0.001778,-0.004572));
#3752=CARTESIAN_POINT('',(-0.004191,-0.001778,-0.004572));
#3753=CARTESIAN_POINT('',(-0.00446834531851084,-0.00205534531851084,-0.005334));
#3754=CARTESIAN_POINT('',(-0.00446834531851084,-0.001778,-0.005334));
#3755=CARTESIAN_POINT('',(0.004191,-0.001778,-0.004572));
#3756=CARTESIAN_POINT('',(0.004191,-0.00205534531851084,-0.005334));
#3757=CARTESIAN_POINT('',(-0.0041402,0.,0.));
#3758=CARTESIAN_POINT('',(-0.0041402,0.00254,0.));
#3759=CARTESIAN_POINT('',(-0.0041402,0.00254,-2.16840434497101E-19));
#3760=CARTESIAN_POINT('',(-0.0041402,-0.003048,0.));
#3761=CARTESIAN_POINT('',(-0.0041402,-0.003048,0.));
#3762=CARTESIAN_POINT('',(-0.0041402,-0.003048,-0.005334));
#3763=CARTESIAN_POINT('',(-0.0041402,-0.00254,-0.005334));
#3764=CARTESIAN_POINT('',(-0.0041402,-0.003048,-0.002032));
#3765=CARTESIAN_POINT('',(-0.0041402,-0.001524,-0.000508));
#3766=CARTESIAN_POINT('',(-0.0041402,-0.001524,-0.000508));
#3767=CARTESIAN_POINT('',(-0.0041402,0.001524,-0.000508));
#3768=CARTESIAN_POINT('',(-0.0041402,0.001524,-0.000508));
#3769=CARTESIAN_POINT('',(-0.0041402,0.00254,-0.001524));
#3770=CARTESIAN_POINT('',(-0.0041402,0.00254,-0.001524));
#3771=CARTESIAN_POINT('',(0.0041402,0.,0.));
#3772=CARTESIAN_POINT('',(0.0041402,-0.003048,-0.002032));
#3773=CARTESIAN_POINT('',(0.0041402,-0.001524,-0.000508));
#3774=CARTESIAN_POINT('',(0.0041402,-0.003048,-0.005334));
#3775=CARTESIAN_POINT('',(0.0041402,-0.003048,-0.005334));
#3776=CARTESIAN_POINT('',(0.0041402,-0.003048,0.));
#3777=CARTESIAN_POINT('',(0.0041402,-0.003048,0.));
#3778=CARTESIAN_POINT('',(0.0041402,0.00254,0.));
#3779=CARTESIAN_POINT('',(0.0041402,0.00254,-2.16840434497101E-19));
#3780=CARTESIAN_POINT('',(0.0041402,0.00254,-0.001524));
#3781=CARTESIAN_POINT('',(0.0041402,0.00254,-0.001524));
#3782=CARTESIAN_POINT('',(0.0041402,0.001524,-0.000508));
#3783=CARTESIAN_POINT('',(0.0041402,0.001524,-0.000508));
#3784=CARTESIAN_POINT('',(0.0041402,-0.001524,-0.000508));
#3785=CARTESIAN_POINT('',(0.0041402,-0.001524,-0.000508));
#3786=CARTESIAN_POINT('',(0.0041402,-0.001524,-0.000508));
#3787=CARTESIAN_POINT('',(0.0041402,0.001524,-0.000508));
#3788=CARTESIAN_POINT('',(0.0041402,-0.003048,-0.002032));
#3789=CARTESIAN_POINT('',(0.0041402,-0.003048,-0.002032));
#3790=CARTESIAN_POINT('',(0.0041402,0.001524,-0.000508));
#3791=CARTESIAN_POINT('',(0.0041402,0.00254,-0.001524));
#3792=CARTESIAN_POINT('',(0.,-0.003048,0.));
#3793=CARTESIAN_POINT('',(0.00508,-0.003048,-0.005334));
#3794=CARTESIAN_POINT('',(0.00508,-0.003048,-0.005334));
#3795=CARTESIAN_POINT('',(0.00508,-0.003048,0.));
#3796=CARTESIAN_POINT('',(0.00508,-0.003048,0.));
#3797=CARTESIAN_POINT('',(-0.00508,-0.003048,0.));
#3798=CARTESIAN_POINT('',(0.,0.00254,0.));
#3799=CARTESIAN_POINT('',(0.00508,0.00254,-0.005334));
#3800=CARTESIAN_POINT('',(-0.00508,0.00254,-0.005334));
#3801=CARTESIAN_POINT('',(-0.00508,0.00254,-0.005334));
#3802=CARTESIAN_POINT('',(-0.00508,0.00254,0.));
#3803=CARTESIAN_POINT('',(-0.00508,0.00254,0.));
#3804=CARTESIAN_POINT('',(-0.00508,0.00254,0.));
#3805=CARTESIAN_POINT('',(0.00508,0.00254,0.));
#3806=CARTESIAN_POINT('',(0.00508,0.00254,0.));
#3807=CARTESIAN_POINT('',(0.00508,0.00254,-0.005334));
#3808=CARTESIAN_POINT('',(0.00508,0.00254,-0.005334));
#3809=CARTESIAN_POINT('',(0.00508,0.00254,0.));
#3810=CARTESIAN_POINT('',(0.00508,0.00254,-0.005334));
#3811=CARTESIAN_POINT('',(0.00508,0.00254,0.));
#3812=CARTESIAN_POINT('',(-0.00508,0.00254,0.));
#3813=CARTESIAN_POINT('',(-0.00508,0.00254,-0.005334));
#3814=CARTESIAN_POINT('',(-0.00508,0.00254,0.));
#3815=CARTESIAN_POINT('',(-0.00508,-0.003048,0.));
#3816=CARTESIAN_POINT('',(-0.00508,0.00254,-0.005334));
#3817=CARTESIAN_POINT('',(-0.00508,-0.003048,-0.005334));
#3818=CARTESIAN_POINT('',(-0.00508,-0.003048,-0.005334));
#3819=CARTESIAN_POINT('',(-0.00508,0.00254,0.));
#3820=CARTESIAN_POINT('',(-0.00508,0.00254,0.));
#3821=CARTESIAN_POINT('',(-0.00508,-0.003048,0.));
#3822=CARTESIAN_POINT('',(0.00508,0.00254,-0.005334));
#3823=CARTESIAN_POINT('',(-0.00508,0.00254,-0.005334));
#3824=CARTESIAN_POINT('',(0.00508,-0.003048,-0.005334));
#3825=CARTESIAN_POINT('',(0.00508,-0.003048,-0.005334));
#3826=CARTESIAN_POINT('',(0.,-0.003048,0.));
#3827=CARTESIAN_POINT('',(0.,-0.003048,0.));
#3828=CARTESIAN_POINT('',(-0.00508,0.00254,-0.005334));
#3829=CARTESIAN_POINT('',(0.,0.,0.));
#3830=CARTESIAN_POINT('',(-0.0002032,0.002794,-0.0014224));
#3831=CARTESIAN_POINT('',(-0.0002032,-0.0008382,-0.0005334));
#3832=CARTESIAN_POINT('',(-0.0002032,-0.0008382,-0.0045974));
#3833=CARTESIAN_POINT('',(-0.0002032,-0.0008382,-0.0014224));
#3834=CARTESIAN_POINT('',(-0.0002032,0.002794,-0.0014224));
#3835=CARTESIAN_POINT('',(-0.0002032,-0.0004318,-0.0014224));
#3836=CARTESIAN_POINT('',(-0.0002032,-0.0004318,-0.0045974));
#3837=CARTESIAN_POINT('',(-0.0002032,-0.0004318,-0.0045974));
#3838=CARTESIAN_POINT('',(-0.0002032,-0.0005334,-0.004699));
#3839=CARTESIAN_POINT('',(-0.0002032,-0.0005334,-0.004699));
#3840=CARTESIAN_POINT('',(-0.0002032,-0.0007366,-0.004699));
#3841=CARTESIAN_POINT('',(-0.0002032,-0.0007366,-0.004699));
#3842=CARTESIAN_POINT('',(-0.0002032,-0.0008382,-0.0045974));
#3843=CARTESIAN_POINT('',(-0.0010668,0.002794,-0.0090424));
#3844=CARTESIAN_POINT('',(-0.0010668,-0.0008382,-0.0005334));
#3845=CARTESIAN_POINT('',(-0.0010668,-0.0008382,-0.0014224));
#3846=CARTESIAN_POINT('',(-0.0010668,-0.0008382,-0.0045974));
#3847=CARTESIAN_POINT('',(-0.0010668,-0.0008382,-0.0045974));
#3848=CARTESIAN_POINT('',(-0.0010668,-0.0007366,-0.004699));
#3849=CARTESIAN_POINT('',(-0.0010668,-0.0007366,-0.004699));
#3850=CARTESIAN_POINT('',(-0.0010668,-0.0005334,-0.004699));
#3851=CARTESIAN_POINT('',(-0.0010668,-0.0005334,-0.004699));
#3852=CARTESIAN_POINT('',(-0.0010668,-0.0004318,-0.0045974));
#3853=CARTESIAN_POINT('',(-0.0010668,-0.0004318,-0.0045974));
#3854=CARTESIAN_POINT('',(-0.0010668,-0.0004318,-0.0014224));
#3855=CARTESIAN_POINT('',(-0.0010668,0.002794,-0.0014224));
#3856=CARTESIAN_POINT('',(0.0002032,0.002794,-0.0090424));
#3857=CARTESIAN_POINT('',(0.0002032,-0.0008382,-0.0005334));
#3858=CARTESIAN_POINT('',(0.0002032,-0.0008382,-0.0014224));
#3859=CARTESIAN_POINT('',(0.0002032,-0.0008382,-0.0045974));
#3860=CARTESIAN_POINT('',(0.0002032,-0.0008382,-0.0045974));
#3861=CARTESIAN_POINT('',(0.0002032,-0.0007366,-0.004699));
#3862=CARTESIAN_POINT('',(0.0002032,-0.0007366,-0.004699));
#3863=CARTESIAN_POINT('',(0.0002032,-0.0005334,-0.004699));
#3864=CARTESIAN_POINT('',(0.0002032,-0.0005334,-0.004699));
#3865=CARTESIAN_POINT('',(0.0002032,-0.0004318,-0.0045974));
#3866=CARTESIAN_POINT('',(0.0002032,-0.0004318,-0.0045974));
#3867=CARTESIAN_POINT('',(0.0002032,-0.0004318,-0.0014224));
#3868=CARTESIAN_POINT('',(0.0002032,0.002794,-0.0014224));
#3869=CARTESIAN_POINT('',(0.0010668,0.002794,-0.0014224));
#3870=CARTESIAN_POINT('',(0.0010668,-0.0008382,-0.0005334));
#3871=CARTESIAN_POINT('',(0.0010668,-0.0008382,-0.0045974));
#3872=CARTESIAN_POINT('',(0.0010668,-0.0008382,-0.0014224));
#3873=CARTESIAN_POINT('',(0.0010668,0.002794,-0.0014224));
#3874=CARTESIAN_POINT('',(0.0010668,-0.0004318,-0.0014224));
#3875=CARTESIAN_POINT('',(0.0010668,-0.0004318,-0.0045974));
#3876=CARTESIAN_POINT('',(0.0010668,-0.0004318,-0.0045974));
#3877=CARTESIAN_POINT('',(0.0010668,-0.0005334,-0.004699));
#3878=CARTESIAN_POINT('',(0.0010668,-0.0005334,-0.004699));
#3879=CARTESIAN_POINT('',(0.0010668,-0.0007366,-0.004699));
#3880=CARTESIAN_POINT('',(0.0010668,-0.0007366,-0.004699));
#3881=CARTESIAN_POINT('',(0.0010668,-0.0008382,-0.0045974));
#3882=CARTESIAN_POINT('',(-0.0010668,0.002794,-0.0090424));
#3883=CARTESIAN_POINT('',(-0.0010668,0.0008382,-0.0045974));
#3884=CARTESIAN_POINT('',(-0.0010668,0.0008382,-0.0045974));
#3885=CARTESIAN_POINT('',(-0.0010668,0.0008382,-0.0014224));
#3886=CARTESIAN_POINT('',(-0.0010668,0.002794,-0.0014224));
#3887=CARTESIAN_POINT('',(-0.0010668,0.0004318,-0.0014224));
#3888=CARTESIAN_POINT('',(-0.0010668,0.0004318,-0.0014224));
#3889=CARTESIAN_POINT('',(-0.0010668,0.0004318,-0.0045974));
#3890=CARTESIAN_POINT('',(-0.0010668,0.0004318,-0.0045974));
#3891=CARTESIAN_POINT('',(-0.0010668,0.0005334,-0.004699));
#3892=CARTESIAN_POINT('',(-0.0010668,0.0005334,-0.004699));
#3893=CARTESIAN_POINT('',(-0.0010668,0.0007366,-0.004699));
#3894=CARTESIAN_POINT('',(-0.0010668,0.0007366,-0.004699));
#3895=CARTESIAN_POINT('',(-0.0002032,0.002794,-0.0014224));
#3896=CARTESIAN_POINT('',(-0.0002032,0.0008382,-0.0045974));
#3897=CARTESIAN_POINT('',(-0.0002032,0.0008382,-0.0014224));
#3898=CARTESIAN_POINT('',(-0.0002032,0.0008382,-0.0045974));
#3899=CARTESIAN_POINT('',(-0.0002032,0.0007366,-0.004699));
#3900=CARTESIAN_POINT('',(-0.0002032,0.0007366,-0.004699));
#3901=CARTESIAN_POINT('',(-0.0002032,0.0005334,-0.004699));
#3902=CARTESIAN_POINT('',(-0.0002032,0.0005334,-0.004699));
#3903=CARTESIAN_POINT('',(-0.0002032,0.0004318,-0.0045974));
#3904=CARTESIAN_POINT('',(-0.0002032,0.0004318,-0.0045974));
#3905=CARTESIAN_POINT('',(-0.0002032,0.0004318,-0.0014224));
#3906=CARTESIAN_POINT('',(-0.0002032,0.0004318,-0.0014224));
#3907=CARTESIAN_POINT('',(-0.0002032,0.002794,-0.0014224));
#3908=CARTESIAN_POINT('',(0.0002032,0.002794,-0.0090424));
#3909=CARTESIAN_POINT('',(0.0002032,0.0008382,-0.0045974));
#3910=CARTESIAN_POINT('',(0.0002032,0.0008382,-0.0045974));
#3911=CARTESIAN_POINT('',(0.0002032,0.0008382,-0.0014224));
#3912=CARTESIAN_POINT('',(0.0002032,0.002794,-0.0014224));
#3913=CARTESIAN_POINT('',(0.0002032,0.0004318,-0.0014224));
#3914=CARTESIAN_POINT('',(0.0002032,0.0004318,-0.0014224));
#3915=CARTESIAN_POINT('',(0.0002032,0.0004318,-0.0045974));
#3916=CARTESIAN_POINT('',(0.0002032,0.0004318,-0.0045974));
#3917=CARTESIAN_POINT('',(0.0002032,0.0005334,-0.004699));
#3918=CARTESIAN_POINT('',(0.0002032,0.0005334,-0.004699));
#3919=CARTESIAN_POINT('',(0.0002032,0.0007366,-0.004699));
#3920=CARTESIAN_POINT('',(0.0002032,0.0007366,-0.004699));
#3921=CARTESIAN_POINT('',(0.0010668,0.002794,-0.0014224));
#3922=CARTESIAN_POINT('',(0.0010668,0.0008382,-0.0045974));
#3923=CARTESIAN_POINT('',(0.0010668,0.0008382,-0.0014224));
#3924=CARTESIAN_POINT('',(0.0010668,0.0008382,-0.0045974));
#3925=CARTESIAN_POINT('',(0.0010668,0.0007366,-0.004699));
#3926=CARTESIAN_POINT('',(0.0010668,0.0007366,-0.004699));
#3927=CARTESIAN_POINT('',(0.0010668,0.0005334,-0.004699));
#3928=CARTESIAN_POINT('',(0.0010668,0.0005334,-0.004699));
#3929=CARTESIAN_POINT('',(0.0010668,0.0004318,-0.0045974));
#3930=CARTESIAN_POINT('',(0.0010668,0.0004318,-0.0045974));
#3931=CARTESIAN_POINT('',(0.0010668,0.0004318,-0.0014224));
#3932=CARTESIAN_POINT('',(0.0010668,0.0004318,-0.0014224));
#3933=CARTESIAN_POINT('',(0.0010668,0.002794,-0.0014224));
#3934=CARTESIAN_POINT('',(0.0002032,0.002794,-0.0090424));
#3935=CARTESIAN_POINT('',(0.0002032,-0.0004318,-0.001016));
#3936=CARTESIAN_POINT('',(0.0002032,-0.0004318,-0.001016));
#3937=CARTESIAN_POINT('',(0.0002032,-0.0004318,-0.0005334));
#3938=CARTESIAN_POINT('',(0.0002032,-0.0010922,-0.0005334));
#3939=CARTESIAN_POINT('',(0.0002032,-0.0010922,0.000127));
#3940=CARTESIAN_POINT('',(0.0002032,-0.0010922,0.000127));
#3941=CARTESIAN_POINT('',(0.0002032,-0.0029464,0.000127));
#3942=CARTESIAN_POINT('',(0.0002032,-0.0029464,0.000127));
#3943=CARTESIAN_POINT('',(0.0002032,-0.003048,2.54E-05));
#3944=CARTESIAN_POINT('',(0.0002032,-0.003048,-0.001016));
#3945=CARTESIAN_POINT('',(0.0002032,-0.003048,-0.0001778));
#3946=CARTESIAN_POINT('',(0.0002032,-0.003048,-0.0001778));
#3947=CARTESIAN_POINT('',(0.0002032,-0.0029464,-0.0002794));
#3948=CARTESIAN_POINT('',(0.0002032,-0.0029464,-0.0002794));
#3949=CARTESIAN_POINT('',(0.0002032,-0.0010922,-0.0002794));
#3950=CARTESIAN_POINT('',(0.0002032,-0.0010922,-0.0005334));
#3951=CARTESIAN_POINT('',(0.0002032,-0.0008382,-0.0005334));
#3952=CARTESIAN_POINT('',(0.0002032,-0.0008382,-0.0005334));
#3953=CARTESIAN_POINT('',(0.0002032,-0.0008382,-0.001016));
#3954=CARTESIAN_POINT('',(0.0002032,0.003048,-0.001016));
#3955=CARTESIAN_POINT('',(0.0010668,0.002794,-0.0014224));
#3956=CARTESIAN_POINT('',(0.0010668,-0.0004318,-0.001016));
#3957=CARTESIAN_POINT('',(0.0010668,-0.0004318,-0.0005334));
#3958=CARTESIAN_POINT('',(0.0010668,-0.0004318,-0.001016));
#3959=CARTESIAN_POINT('',(0.0010668,0.003048,-0.001016));
#3960=CARTESIAN_POINT('',(0.0010668,-0.0008382,-0.001016));
#3961=CARTESIAN_POINT('',(0.0010668,-0.0008382,-0.0005334));
#3962=CARTESIAN_POINT('',(0.0010668,-0.0008382,-0.0005334));
#3963=CARTESIAN_POINT('',(0.0010668,-0.0010922,-0.0005334));
#3964=CARTESIAN_POINT('',(0.0010668,-0.0010922,-0.0002794));
#3965=CARTESIAN_POINT('',(0.0010668,-0.0029464,-0.0002794));
#3966=CARTESIAN_POINT('',(0.0010668,-0.0029464,-0.0002794));
#3967=CARTESIAN_POINT('',(0.0010668,-0.003048,-0.0001778));
#3968=CARTESIAN_POINT('',(0.0010668,-0.003048,-0.0001778));
#3969=CARTESIAN_POINT('',(0.0010668,-0.003048,0.006096));
#3970=CARTESIAN_POINT('',(0.0010668,-0.003048,2.54000000000007E-05));
#3971=CARTESIAN_POINT('',(0.0010668,-0.0029464,0.000127));
#3972=CARTESIAN_POINT('',(0.0010668,-0.0029464,0.000127));
#3973=CARTESIAN_POINT('',(0.0010668,-0.0010922,0.000127));
#3974=CARTESIAN_POINT('',(0.0010668,-0.0010922,0.000127));
#3975=CARTESIAN_POINT('',(0.0010668,-0.0010922,-0.0005334));
#3976=CARTESIAN_POINT('',(-0.0002032,0.002794,-0.0014224));
#3977=CARTESIAN_POINT('',(-0.0002032,-0.0004318,-0.001016));
#3978=CARTESIAN_POINT('',(-0.0002032,-0.0004318,-0.0005334));
#3979=CARTESIAN_POINT('',(-0.0002032,-0.0004318,-0.001016));
#3980=CARTESIAN_POINT('',(-0.0002032,0.003048,-0.001016));
#3981=CARTESIAN_POINT('',(-0.0002032,-0.0008382,-0.001016));
#3982=CARTESIAN_POINT('',(-0.0002032,-0.0008382,-0.0005334));
#3983=CARTESIAN_POINT('',(-0.0002032,-0.0008382,-0.0005334));
#3984=CARTESIAN_POINT('',(-0.0002032,-0.0010922,-0.0005334));
#3985=CARTESIAN_POINT('',(-0.0002032,-0.0010922,-0.0002794));
#3986=CARTESIAN_POINT('',(-0.0002032,-0.0029464,-0.0002794));
#3987=CARTESIAN_POINT('',(-0.0002032,-0.0029464,-0.0002794));
#3988=CARTESIAN_POINT('',(-0.0002032,-0.003048,-0.0001778));
#3989=CARTESIAN_POINT('',(-0.0002032,-0.003048,-0.0001778));
#3990=CARTESIAN_POINT('',(-0.0002032,-0.003048,0.006096));
#3991=CARTESIAN_POINT('',(-0.0002032,-0.003048,2.54000000000007E-05));
#3992=CARTESIAN_POINT('',(-0.0002032,-0.0029464,0.000127));
#3993=CARTESIAN_POINT('',(-0.0002032,-0.0029464,0.000127));
#3994=CARTESIAN_POINT('',(-0.0002032,-0.0010922,0.000127));
#3995=CARTESIAN_POINT('',(-0.0002032,-0.0010922,0.000127));
#3996=CARTESIAN_POINT('',(-0.0002032,-0.0010922,-0.0005334));
#3997=CARTESIAN_POINT('',(-0.0010668,0.002794,-0.0090424));
#3998=CARTESIAN_POINT('',(-0.0010668,-0.0004318,-0.001016));
#3999=CARTESIAN_POINT('',(-0.0010668,-0.0004318,-0.001016));
#4000=CARTESIAN_POINT('',(-0.0010668,-0.0004318,-0.0005334));
#4001=CARTESIAN_POINT('',(-0.0010668,-0.0010922,-0.0005334));
#4002=CARTESIAN_POINT('',(-0.0010668,-0.0010922,0.000127));
#4003=CARTESIAN_POINT('',(-0.0010668,-0.0010922,0.000127));
#4004=CARTESIAN_POINT('',(-0.0010668,-0.0029464,0.000127));
#4005=CARTESIAN_POINT('',(-0.0010668,-0.0029464,0.000127));
#4006=CARTESIAN_POINT('',(-0.0010668,-0.003048,2.54E-05));
#4007=CARTESIAN_POINT('',(-0.0010668,-0.003048,-0.001016));
#4008=CARTESIAN_POINT('',(-0.0010668,-0.003048,-0.0001778));
#4009=CARTESIAN_POINT('',(-0.0010668,-0.003048,-0.0001778));
#4010=CARTESIAN_POINT('',(-0.0010668,-0.0029464,-0.0002794));
#4011=CARTESIAN_POINT('',(-0.0010668,-0.0029464,-0.0002794));
#4012=CARTESIAN_POINT('',(-0.0010668,-0.0010922,-0.0002794));
#4013=CARTESIAN_POINT('',(-0.0010668,-0.0010922,-0.0005334));
#4014=CARTESIAN_POINT('',(-0.0010668,-0.0008382,-0.0005334));
#4015=CARTESIAN_POINT('',(-0.0010668,-0.0008382,-0.0005334));
#4016=CARTESIAN_POINT('',(-0.0010668,-0.0008382,-0.001016));
#4017=CARTESIAN_POINT('',(-0.0010668,0.003048,-0.001016));
#4018=CARTESIAN_POINT('',(0.0002032,0.002794,-0.0090424));
#4019=CARTESIAN_POINT('',(0.0002032,0.003048,2.54E-05));
#4020=CARTESIAN_POINT('',(0.0002032,0.003048,2.54E-05));
#4021=CARTESIAN_POINT('',(0.0002032,0.0029464,0.000127));
#4022=CARTESIAN_POINT('',(0.0002032,0.0029464,0.000127));
#4023=CARTESIAN_POINT('',(0.0002032,0.0010922,0.000127));
#4024=CARTESIAN_POINT('',(0.0002032,0.0010922,-0.0005334));
#4025=CARTESIAN_POINT('',(0.0002032,0.0004318,-0.0005334));
#4026=CARTESIAN_POINT('',(0.0002032,0.0004318,-0.0005334));
#4027=CARTESIAN_POINT('',(0.0002032,0.0004318,-0.001016));
#4028=CARTESIAN_POINT('',(0.0002032,0.003048,-0.001016));
#4029=CARTESIAN_POINT('',(0.0002032,0.0008382,-0.001016));
#4030=CARTESIAN_POINT('',(0.0002032,0.0008382,-0.0045974));
#4031=CARTESIAN_POINT('',(0.0002032,0.0008382,-0.0005334));
#4032=CARTESIAN_POINT('',(0.0002032,0.0010922,-0.0005334));
#4033=CARTESIAN_POINT('',(0.0002032,0.0010922,-0.0002794));
#4034=CARTESIAN_POINT('',(0.0002032,0.0010922,-0.0002794));
#4035=CARTESIAN_POINT('',(0.0002032,0.0029464,-0.0002794));
#4036=CARTESIAN_POINT('',(0.0002032,0.0029464,-0.0002794));
#4037=CARTESIAN_POINT('',(0.0002032,0.003048,-0.0001778));
#4038=CARTESIAN_POINT('',(0.0002032,0.003048,-0.001016));
#4039=CARTESIAN_POINT('',(0.0010668,0.002794,-0.0014224));
#4040=CARTESIAN_POINT('',(0.0010668,0.003048,2.54E-05));
#4041=CARTESIAN_POINT('',(0.0010668,0.0029464,0.000127));
#4042=CARTESIAN_POINT('',(0.0010668,0.003048,2.54000000000009E-05));
#4043=CARTESIAN_POINT('',(0.0010668,0.003048,0.006096));
#4044=CARTESIAN_POINT('',(0.0010668,0.003048,-0.0001778));
#4045=CARTESIAN_POINT('',(0.0010668,0.0029464,-0.0002794));
#4046=CARTESIAN_POINT('',(0.0010668,0.0029464,-0.0002794));
#4047=CARTESIAN_POINT('',(0.0010668,0.0010922,-0.0002794));
#4048=CARTESIAN_POINT('',(0.0010668,0.0010922,-0.0002794));
#4049=CARTESIAN_POINT('',(0.0010668,0.0010922,-0.0005334));
#4050=CARTESIAN_POINT('',(0.0010668,0.0008382,-0.0005334));
#4051=CARTESIAN_POINT('',(0.0010668,0.0008382,-0.0045974));
#4052=CARTESIAN_POINT('',(0.0010668,0.0008382,-0.001016));
#4053=CARTESIAN_POINT('',(0.0010668,0.003048,-0.001016));
#4054=CARTESIAN_POINT('',(0.0010668,0.0004318,-0.001016));
#4055=CARTESIAN_POINT('',(0.0010668,0.0004318,-0.0005334));
#4056=CARTESIAN_POINT('',(0.0010668,0.0004318,-0.0005334));
#4057=CARTESIAN_POINT('',(0.0010668,0.0010922,-0.0005334));
#4058=CARTESIAN_POINT('',(0.0010668,0.0010922,0.000127));
#4059=CARTESIAN_POINT('',(0.0010668,0.0029464,0.000127));
#4060=CARTESIAN_POINT('',(-0.0010668,0.002794,-0.0090424));
#4061=CARTESIAN_POINT('',(-0.0010668,0.003048,2.54E-05));
#4062=CARTESIAN_POINT('',(-0.0010668,0.003048,2.54E-05));
#4063=CARTESIAN_POINT('',(-0.0010668,0.0029464,0.000127));
#4064=CARTESIAN_POINT('',(-0.0010668,0.0029464,0.000127));
#4065=CARTESIAN_POINT('',(-0.0010668,0.0010922,0.000127));
#4066=CARTESIAN_POINT('',(-0.0010668,0.0010922,-0.0005334));
#4067=CARTESIAN_POINT('',(-0.0010668,0.0004318,-0.0005334));
#4068=CARTESIAN_POINT('',(-0.0010668,0.0004318,-0.0005334));
#4069=CARTESIAN_POINT('',(-0.0010668,0.0004318,-0.001016));
#4070=CARTESIAN_POINT('',(-0.0010668,0.003048,-0.001016));
#4071=CARTESIAN_POINT('',(-0.0010668,0.0008382,-0.001016));
#4072=CARTESIAN_POINT('',(-0.0010668,0.0008382,-0.0045974));
#4073=CARTESIAN_POINT('',(-0.0010668,0.0008382,-0.0005334));
#4074=CARTESIAN_POINT('',(-0.0010668,0.0010922,-0.0005334));
#4075=CARTESIAN_POINT('',(-0.0010668,0.0010922,-0.0002794));
#4076=CARTESIAN_POINT('',(-0.0010668,0.0010922,-0.0002794));
#4077=CARTESIAN_POINT('',(-0.0010668,0.0029464,-0.0002794));
#4078=CARTESIAN_POINT('',(-0.0010668,0.0029464,-0.0002794));
#4079=CARTESIAN_POINT('',(-0.0010668,0.003048,-0.0001778));
#4080=CARTESIAN_POINT('',(-0.0010668,0.003048,-0.001016));
#4081=CARTESIAN_POINT('',(-0.0002032,0.002794,-0.0014224));
#4082=CARTESIAN_POINT('',(-0.0002032,0.003048,2.54E-05));
#4083=CARTESIAN_POINT('',(-0.0002032,0.0029464,0.000127));
#4084=CARTESIAN_POINT('',(-0.0002032,0.003048,2.54000000000009E-05));
#4085=CARTESIAN_POINT('',(-0.0002032,0.003048,0.006096));
#4086=CARTESIAN_POINT('',(-0.0002032,0.003048,-0.0001778));
#4087=CARTESIAN_POINT('',(-0.0002032,0.0029464,-0.0002794));
#4088=CARTESIAN_POINT('',(-0.0002032,0.0029464,-0.0002794));
#4089=CARTESIAN_POINT('',(-0.0002032,0.0010922,-0.0002794));
#4090=CARTESIAN_POINT('',(-0.0002032,0.0010922,-0.0002794));
#4091=CARTESIAN_POINT('',(-0.0002032,0.0010922,-0.0005334));
#4092=CARTESIAN_POINT('',(-0.0002032,0.0008382,-0.0005334));
#4093=CARTESIAN_POINT('',(-0.0002032,0.0008382,-0.0045974));
#4094=CARTESIAN_POINT('',(-0.0002032,0.0008382,-0.001016));
#4095=CARTESIAN_POINT('',(-0.0002032,0.003048,-0.001016));
#4096=CARTESIAN_POINT('',(-0.0002032,0.0004318,-0.001016));
#4097=CARTESIAN_POINT('',(-0.0002032,0.0004318,-0.0005334));
#4098=CARTESIAN_POINT('',(-0.0002032,0.0004318,-0.0005334));
#4099=CARTESIAN_POINT('',(-0.0002032,0.0010922,-0.0005334));
#4100=CARTESIAN_POINT('',(-0.0002032,0.0010922,0.000127));
#4101=CARTESIAN_POINT('',(-0.0002032,0.0029464,0.000127));
#4102=CARTESIAN_POINT('',(-0.0014732,0.0010922,-0.0005334));
#4103=CARTESIAN_POINT('',(-0.0014732,0.0004318,-0.0014224));
#4104=CARTESIAN_POINT('',(-0.0014732,0.0004318,-0.0014224));
#4105=CARTESIAN_POINT('',(-0.0014732,0.0004318,-0.0045974));
#4106=CARTESIAN_POINT('',(-0.0014732,-0.0004318,-0.0014224));
#4107=CARTESIAN_POINT('',(-0.0014732,-0.0004318,-0.0014224));
#4108=CARTESIAN_POINT('',(-0.0014732,-0.0004318,-0.0045974));
#4109=CARTESIAN_POINT('',(-0.0014732,-0.0004318,-0.0045974));
#4110=CARTESIAN_POINT('',(-0.0014732,-0.0005334,-0.004699));
#4111=CARTESIAN_POINT('',(-0.0014732,-0.0005334,-0.004699));
#4112=CARTESIAN_POINT('',(-0.0014732,-0.0007366,-0.004699));
#4113=CARTESIAN_POINT('',(-0.0014732,-0.0007366,-0.004699));
#4114=CARTESIAN_POINT('',(-0.0014732,-0.0008382,-0.0045974));
#4115=CARTESIAN_POINT('',(-0.0014732,-0.0008382,-0.0045974));
#4116=CARTESIAN_POINT('',(-0.0014732,-0.0008382,-0.0005334));
#4117=CARTESIAN_POINT('',(-0.0014732,-0.0008382,-0.0005334));
#4118=CARTESIAN_POINT('',(-0.0014732,-0.0010922,-0.0005334));
#4119=CARTESIAN_POINT('',(-0.0014732,-0.0010922,-0.0002794));
#4120=CARTESIAN_POINT('',(-0.0014732,-0.0029464,-0.0002794));
#4121=CARTESIAN_POINT('',(-0.0014732,-0.0029464,-0.0002794));
#4122=CARTESIAN_POINT('',(-0.0014732,-0.003048,-0.0001778));
#4123=CARTESIAN_POINT('',(-0.0014732,-0.003048,-0.0001778));
#4124=CARTESIAN_POINT('',(-0.0014732,-0.003048,2.54E-05));
#4125=CARTESIAN_POINT('',(-0.0014732,-0.003048,2.54000000000003E-05));
#4126=CARTESIAN_POINT('',(-0.0014732,-0.0029464,0.000127));
#4127=CARTESIAN_POINT('',(-0.0014732,-0.0029464,0.000127));
#4128=CARTESIAN_POINT('',(-0.0014732,-0.0010922,0.000127));
#4129=CARTESIAN_POINT('',(-0.0014732,-0.0010922,0.000127));
#4130=CARTESIAN_POINT('',(-0.0014732,-0.0010922,-0.0005334));
#4131=CARTESIAN_POINT('',(-0.0014732,-0.0004318,-0.0005334));
#4132=CARTESIAN_POINT('',(-0.0014732,-0.0004318,-0.001016));
#4133=CARTESIAN_POINT('',(-0.0014732,-0.0004318,-0.001016));
#4134=CARTESIAN_POINT('',(-0.0014732,0.0004318,-0.001016));
#4135=CARTESIAN_POINT('',(-0.0014732,0.0004318,-0.001016));
#4136=CARTESIAN_POINT('',(-0.0014732,0.0004318,-0.0005334));
#4137=CARTESIAN_POINT('',(-0.0014732,0.0004318,-0.0005334));
#4138=CARTESIAN_POINT('',(-0.0014732,0.0010922,-0.0005334));
#4139=CARTESIAN_POINT('',(-0.0014732,0.0010922,0.000127));
#4140=CARTESIAN_POINT('',(-0.0014732,0.0029464,0.000127));
#4141=CARTESIAN_POINT('',(-0.0014732,0.0029464,0.000127));
#4142=CARTESIAN_POINT('',(-0.0014732,0.003048,2.54E-05));
#4143=CARTESIAN_POINT('',(-0.0014732,0.003048,2.54E-05));
#4144=CARTESIAN_POINT('',(-0.0014732,0.003048,-0.0001778));
#4145=CARTESIAN_POINT('',(-0.0014732,0.003048,-0.0001778));
#4146=CARTESIAN_POINT('',(-0.0014732,0.0029464,-0.0002794));
#4147=CARTESIAN_POINT('',(-0.0014732,0.0029464,-0.0002794));
#4148=CARTESIAN_POINT('',(-0.0014732,0.0010922,-0.0002794));
#4149=CARTESIAN_POINT('',(-0.0014732,0.0010922,-0.0002794));
#4150=CARTESIAN_POINT('',(-0.0014732,0.0010922,-0.0005334));
#4151=CARTESIAN_POINT('',(-0.0014732,0.0008382,-0.0005334));
#4152=CARTESIAN_POINT('',(-0.0014732,0.0008382,-0.0045974));
#4153=CARTESIAN_POINT('',(-0.0014732,0.0008382,-0.0045974));
#4154=CARTESIAN_POINT('',(-0.0014732,0.0007366,-0.004699));
#4155=CARTESIAN_POINT('',(-0.0014732,0.0007366,-0.004699));
#4156=CARTESIAN_POINT('',(-0.0014732,0.0005334,-0.004699));
#4157=CARTESIAN_POINT('',(-0.0014732,0.0005334,-0.004699));
#4158=CARTESIAN_POINT('',(-0.0014732,0.0004318,-0.0045974));
#4159=CARTESIAN_POINT('',(0.0014732,0.0010922,-0.0005334));
#4160=CARTESIAN_POINT('',(0.0014732,0.0008382,-0.0045974));
#4161=CARTESIAN_POINT('',(0.0014732,0.0008382,-0.0045974));
#4162=CARTESIAN_POINT('',(0.0014732,0.0008382,-0.0005334));
#4163=CARTESIAN_POINT('',(0.0014732,0.0010922,-0.0005334));
#4164=CARTESIAN_POINT('',(0.0014732,0.0010922,-0.0002794));
#4165=CARTESIAN_POINT('',(0.0014732,0.0010922,-0.0002794));
#4166=CARTESIAN_POINT('',(0.0014732,0.0029464,-0.0002794));
#4167=CARTESIAN_POINT('',(0.0014732,0.0029464,-0.0002794));
#4168=CARTESIAN_POINT('',(0.0014732,0.003048,-0.0001778));
#4169=CARTESIAN_POINT('',(0.0014732,0.003048,-0.0001778));
#4170=CARTESIAN_POINT('',(0.0014732,0.003048,2.54E-05));
#4171=CARTESIAN_POINT('',(0.0014732,0.003048,2.54E-05));
#4172=CARTESIAN_POINT('',(0.0014732,0.0029464,0.000127));
#4173=CARTESIAN_POINT('',(0.0014732,0.0029464,0.000127));
#4174=CARTESIAN_POINT('',(0.0014732,0.0010922,0.000127));
#4175=CARTESIAN_POINT('',(0.0014732,0.0010922,-0.0005334));
#4176=CARTESIAN_POINT('',(0.0014732,0.0004318,-0.0005334));
#4177=CARTESIAN_POINT('',(0.0014732,0.0004318,-0.0005334));
#4178=CARTESIAN_POINT('',(0.0014732,0.0004318,-0.001016));
#4179=CARTESIAN_POINT('',(0.0014732,0.0004318,-0.001016));
#4180=CARTESIAN_POINT('',(0.0014732,-0.0004318,-0.001016));
#4181=CARTESIAN_POINT('',(0.0014732,-0.0004318,-0.001016));
#4182=CARTESIAN_POINT('',(0.0014732,-0.0004318,-0.0005334));
#4183=CARTESIAN_POINT('',(0.0014732,-0.0010922,-0.0005334));
#4184=CARTESIAN_POINT('',(0.0014732,-0.0010922,0.000127));
#4185=CARTESIAN_POINT('',(0.0014732,-0.0010922,0.000127));
#4186=CARTESIAN_POINT('',(0.0014732,-0.0029464,0.000127));
#4187=CARTESIAN_POINT('',(0.0014732,-0.0029464,0.000127));
#4188=CARTESIAN_POINT('',(0.0014732,-0.003048,2.54000000000003E-05));
#4189=CARTESIAN_POINT('',(0.0014732,-0.003048,2.54E-05));
#4190=CARTESIAN_POINT('',(0.0014732,-0.003048,-0.0001778));
#4191=CARTESIAN_POINT('',(0.0014732,-0.003048,-0.0001778));
#4192=CARTESIAN_POINT('',(0.0014732,-0.0029464,-0.0002794));
#4193=CARTESIAN_POINT('',(0.0014732,-0.0029464,-0.0002794));
#4194=CARTESIAN_POINT('',(0.0014732,-0.0010922,-0.0002794));
#4195=CARTESIAN_POINT('',(0.0014732,-0.0010922,-0.0005334));
#4196=CARTESIAN_POINT('',(0.0014732,-0.0008382,-0.0005334));
#4197=CARTESIAN_POINT('',(0.0014732,-0.0008382,-0.0005334));
#4198=CARTESIAN_POINT('',(0.0014732,-0.0008382,-0.0045974));
#4199=CARTESIAN_POINT('',(0.0014732,-0.0008382,-0.0045974));
#4200=CARTESIAN_POINT('',(0.0014732,-0.0007366,-0.004699));
#4201=CARTESIAN_POINT('',(0.0014732,-0.0007366,-0.004699));
#4202=CARTESIAN_POINT('',(0.0014732,-0.0005334,-0.004699));
#4203=CARTESIAN_POINT('',(0.0014732,-0.0005334,-0.004699));
#4204=CARTESIAN_POINT('',(0.0014732,-0.0004318,-0.0045974));
#4205=CARTESIAN_POINT('',(0.0014732,-0.0004318,-0.0045974));
#4206=CARTESIAN_POINT('',(0.0014732,-0.0004318,-0.0014224));
#4207=CARTESIAN_POINT('',(0.0014732,-0.0004318,-0.0014224));
#4208=CARTESIAN_POINT('',(0.0014732,0.0004318,-0.0014224));
#4209=CARTESIAN_POINT('',(0.0014732,0.0004318,-0.0014224));
#4210=CARTESIAN_POINT('',(0.0014732,0.0004318,-0.0045974));
#4211=CARTESIAN_POINT('',(0.0014732,0.0004318,-0.0045974));
#4212=CARTESIAN_POINT('',(0.0014732,0.0005334,-0.004699));
#4213=CARTESIAN_POINT('',(0.0014732,0.0005334,-0.004699));
#4214=CARTESIAN_POINT('',(0.0014732,0.0007366,-0.004699));
#4215=CARTESIAN_POINT('',(0.0014732,0.0007366,-0.004699));
#4216=CARTESIAN_POINT('',(0.0014732,-0.0004318,-0.0014224));
#4217=CARTESIAN_POINT('',(0.0014732,-0.0004318,-0.0014224));
#4218=CARTESIAN_POINT('',(0.0014732,-0.0008382,-0.0014224));
#4219=CARTESIAN_POINT('',(0.0014732,-0.0004318,-0.0014224));
#4220=CARTESIAN_POINT('',(0.0014732,-0.0008382,-0.0014224));
#4221=CARTESIAN_POINT('',(0.0014732,-0.0004318,-0.0014224));
#4222=CARTESIAN_POINT('',(0.0014732,0.0004318,-0.0014224));
#4223=CARTESIAN_POINT('',(0.0014732,0.0008382,-0.0014224));
#4224=CARTESIAN_POINT('',(0.0014732,0.0004318,-0.0014224));
#4225=CARTESIAN_POINT('',(0.0014732,0.0008382,-0.0014224));
#4226=CARTESIAN_POINT('',(0.0014732,0.0004318,-0.0014224));
#4227=CARTESIAN_POINT('',(0.0014732,0.0004318,-0.001016));
#4228=CARTESIAN_POINT('',(0.0014732,0.0004318,-0.001016));
#4229=CARTESIAN_POINT('',(0.0014732,0.0008382,-0.001016));
#4230=CARTESIAN_POINT('',(0.0014732,0.0004318,-0.001016));
#4231=CARTESIAN_POINT('',(0.0014732,-0.0004318,-0.001016));
#4232=CARTESIAN_POINT('',(0.0014732,-0.0008382,-0.001016));
#4233=CARTESIAN_POINT('',(0.0014732,-0.0004318,-0.001016));
#4234=CARTESIAN_POINT('',(0.0014732,-0.0008382,-0.001016));
#4235=CARTESIAN_POINT('',(0.0014732,-0.0004318,-0.001016));
#4236=CARTESIAN_POINT('',(0.0014732,0.0004318,-0.001016));
#4237=CARTESIAN_POINT('',(0.0014732,0.0008382,-0.001016));
#4238=CARTESIAN_POINT('',(0.0014732,0.0029464,-0.0002794));
#4239=CARTESIAN_POINT('',(0.0014732,0.0029464,-0.0002794));
#4240=CARTESIAN_POINT('',(0.0014732,0.003048,-0.0001778));
#4241=CARTESIAN_POINT('',(0.0014732,0.0029464,-0.0002794));
#4242=CARTESIAN_POINT('',(0.0014732,0.0029464,-0.0002794));
#4243=CARTESIAN_POINT('',(0.0014732,0.003048,-0.0001778));
#4244=CARTESIAN_POINT('',(0.0014732,0.0029464,-0.0002794));
#4245=CARTESIAN_POINT('',(0.0014732,0.003048,-0.0001778));
#4246=CARTESIAN_POINT('',(0.0014732,0.0029464,-0.0002794));
#4247=CARTESIAN_POINT('',(0.0014732,0.0010922,-0.0002794));
#4248=CARTESIAN_POINT('',(0.0014732,0.0010922,-0.0002794));
#4249=CARTESIAN_POINT('',(0.0014732,0.0010922,-0.0002794));
#4250=CARTESIAN_POINT('',(0.0014732,0.0010922,-0.0002794));
#4251=CARTESIAN_POINT('',(0.0014732,0.0010922,-0.0002794));
#4252=CARTESIAN_POINT('',(0.0014732,0.0010922,-0.0002794));
#4253=CARTESIAN_POINT('',(0.0014732,0.0010922,-0.0005334));
#4254=CARTESIAN_POINT('',(0.0014732,0.0008382,-0.0005334));
#4255=CARTESIAN_POINT('',(0.0014732,0.0010922,-0.0005334));
#4256=CARTESIAN_POINT('',(0.0014732,0.0008382,-0.0005334));
#4257=CARTESIAN_POINT('',(0.0014732,0.0010922,-0.0005334));
#4258=CARTESIAN_POINT('',(0.0014732,0.0008382,-0.0005334));
#4259=CARTESIAN_POINT('',(0.0014732,-0.0010922,-0.0005334));
#4260=CARTESIAN_POINT('',(0.0014732,-0.0008382,-0.0005334));
#4261=CARTESIAN_POINT('',(0.0014732,-0.0010922,-0.0002794));
#4262=CARTESIAN_POINT('',(0.0014732,-0.0010922,-0.0005334));
#4263=CARTESIAN_POINT('',(0.0014732,-0.0008382,-0.0005334));
#4264=CARTESIAN_POINT('',(0.0014732,-0.0010922,-0.0002794));
#4265=CARTESIAN_POINT('',(0.0014732,-0.0010922,-0.0005334));
#4266=CARTESIAN_POINT('',(0.0014732,-0.0010922,-0.0002794));
#4267=CARTESIAN_POINT('',(0.0014732,-0.0008382,-0.0005334));
#4268=CARTESIAN_POINT('',(0.0014732,0.0010922,-0.0002794));
#4269=CARTESIAN_POINT('',(0.0014732,-0.0029464,-0.0002794));
#4270=CARTESIAN_POINT('',(0.0014732,0.0010922,-0.0002794));
#4271=CARTESIAN_POINT('',(0.0014732,-0.0029464,-0.0002794));
#4272=CARTESIAN_POINT('',(0.0014732,0.0010922,-0.0002794));
#4273=CARTESIAN_POINT('',(0.0014732,-0.0029464,-0.0002794));
#4274=CARTESIAN_POINT('',(0.0014732,-0.003048,-0.0001778));
#4275=CARTESIAN_POINT('',(0.0014732,-0.003048,-0.0001778));
#4276=CARTESIAN_POINT('',(0.0014732,-0.003048,-0.0001778));
#4277=CARTESIAN_POINT('',(0.0014732,-0.003048,-0.0001778));
#4278=CARTESIAN_POINT('',(0.0014732,-0.003048,-0.0001778));
#4279=CARTESIAN_POINT('',(0.0014732,-0.003048,-0.0001778));
#4280=CARTESIAN_POINT('',(0.0014732,-0.003048,2.54E-05));
#4281=CARTESIAN_POINT('',(0.0014732,-0.003048,2.54E-05));
#4282=CARTESIAN_POINT('',(0.0014732,-0.003048,2.54E-05));
#4283=CARTESIAN_POINT('',(0.0014732,-0.003048,2.54E-05));
#4284=CARTESIAN_POINT('',(0.0014732,-0.003048,2.54E-05));
#4285=CARTESIAN_POINT('',(0.0014732,-0.003048,2.54E-05));
#4286=CARTESIAN_POINT('',(0.0014732,-0.0029464,0.000127));
#4287=CARTESIAN_POINT('',(0.0014732,-0.0029464,0.000127));
#4288=CARTESIAN_POINT('',(0.0014732,-0.0029464,0.000127));
#4289=CARTESIAN_POINT('',(0.0014732,-0.0029464,0.000127));
#4290=CARTESIAN_POINT('',(0.0014732,-0.0029464,0.000127));
#4291=CARTESIAN_POINT('',(0.0014732,-0.0029464,0.000127));
#4292=CARTESIAN_POINT('',(0.0014732,0.0029464,0.000127));
#4293=CARTESIAN_POINT('',(0.0014732,-0.0010922,0.000127));
#4294=CARTESIAN_POINT('',(0.0014732,0.0029464,0.000127));
#4295=CARTESIAN_POINT('',(0.0014732,-0.0010922,0.000127));
#4296=CARTESIAN_POINT('',(0.0014732,0.0029464,0.000127));
#4297=CARTESIAN_POINT('',(0.0014732,-0.0010922,0.000127));
#4298=CARTESIAN_POINT('',(0.0014732,-0.0010922,-0.0005334));
#4299=CARTESIAN_POINT('',(0.0014732,-0.0004318,-0.0005334));
#4300=CARTESIAN_POINT('',(0.0014732,-0.0010922,-0.0005334));
#4301=CARTESIAN_POINT('',(0.0014732,-0.0004318,-0.0005334));
#4302=CARTESIAN_POINT('',(0.0014732,-0.0010922,-0.0005334));
#4303=CARTESIAN_POINT('',(0.0014732,-0.0004318,-0.0005334));
#4304=CARTESIAN_POINT('',(0.0014732,-0.0004318,-0.0045974));
#4305=CARTESIAN_POINT('',(0.0014732,-0.0004318,-0.0045974));
#4306=CARTESIAN_POINT('',(0.0014732,-0.0004318,-0.0045974));
#4307=CARTESIAN_POINT('',(0.0014732,0.0004318,-0.0014224));
#4308=CARTESIAN_POINT('',(0.0014732,0.0004318,-0.0005334));
#4309=CARTESIAN_POINT('',(0.0014732,0.0004318,-0.0014224));
#4310=CARTESIAN_POINT('',(0.0014732,0.0004318,-0.0005334));
#4311=CARTESIAN_POINT('',(0.0014732,0.0004318,-0.0014224));
#4312=CARTESIAN_POINT('',(0.0014732,0.0004318,-0.0005334));
#4313=CARTESIAN_POINT('',(0.0014732,0.0010922,-0.0005334));
#4314=CARTESIAN_POINT('',(0.0014732,0.0010922,0.000127));
#4315=CARTESIAN_POINT('',(0.0014732,0.0010922,-0.0005334));
#4316=CARTESIAN_POINT('',(0.0014732,0.0010922,0.000127));
#4317=CARTESIAN_POINT('',(0.0014732,0.0010922,-0.0005334));
#4318=CARTESIAN_POINT('',(0.0014732,0.0010922,0.000127));
#4319=CARTESIAN_POINT('',(0.0014732,0.0029464,0.000127));
#4320=CARTESIAN_POINT('',(0.0014732,0.0029464,0.000127));
#4321=CARTESIAN_POINT('',(0.0014732,0.0029464,0.000127));
#4322=CARTESIAN_POINT('',(0.0014732,0.0029464,0.000127));
#4323=CARTESIAN_POINT('',(0.0014732,0.0029464,0.000127));
#4324=CARTESIAN_POINT('',(0.0014732,0.0029464,0.000127));
#4325=CARTESIAN_POINT('',(0.0014732,0.003048,2.54E-05));
#4326=CARTESIAN_POINT('',(0.0014732,0.003048,2.54E-05));
#4327=CARTESIAN_POINT('',(0.0014732,0.003048,2.54E-05));
#4328=CARTESIAN_POINT('',(0.0014732,0.003048,2.54E-05));
#4329=CARTESIAN_POINT('',(0.0014732,0.003048,2.54E-05));
#4330=CARTESIAN_POINT('',(0.0014732,0.003048,2.54E-05));
#4331=CARTESIAN_POINT('',(0.0014732,0.003048,-0.0001778));
#4332=CARTESIAN_POINT('',(0.0014732,0.003048,-0.0001778));
#4333=CARTESIAN_POINT('',(0.0014732,0.003048,-0.0001778));
#4334=CARTESIAN_POINT('',(0.0014732,0.0007366,-0.004699));
#4335=CARTESIAN_POINT('',(0.0014732,0.0008382,-0.0045974));
#4336=CARTESIAN_POINT('',(0.0014732,0.0007366,-0.004699));
#4337=CARTESIAN_POINT('',(0.0014732,0.0007366,-0.004699));
#4338=CARTESIAN_POINT('',(0.0014732,0.0008382,-0.0045974));
#4339=CARTESIAN_POINT('',(0.0014732,0.0007366,-0.004699));
#4340=CARTESIAN_POINT('',(0.0014732,0.0007366,-0.004699));
#4341=CARTESIAN_POINT('',(0.0014732,0.0007366,-0.004699));
#4342=CARTESIAN_POINT('',(0.0014732,0.0008382,-0.0045974));
#4343=CARTESIAN_POINT('',(0.0014732,0.0005334,-0.004699));
#4344=CARTESIAN_POINT('',(0.0014732,0.0005334,-0.004699));
#4345=CARTESIAN_POINT('',(0.0014732,0.0005334,-0.004699));
#4346=CARTESIAN_POINT('',(0.0014732,0.0005334,-0.004699));
#4347=CARTESIAN_POINT('',(0.0014732,0.0005334,-0.004699));
#4348=CARTESIAN_POINT('',(0.0014732,0.0005334,-0.004699));
#4349=CARTESIAN_POINT('',(0.0014732,0.0004318,-0.0045974));
#4350=CARTESIAN_POINT('',(0.0014732,0.0004318,-0.0045974));
#4351=CARTESIAN_POINT('',(0.0014732,0.0004318,-0.0045974));
#4352=CARTESIAN_POINT('',(0.0014732,0.0004318,-0.0045974));
#4353=CARTESIAN_POINT('',(0.0014732,0.0004318,-0.0045974));
#4354=CARTESIAN_POINT('',(0.0014732,0.0004318,-0.0045974));
#4355=CARTESIAN_POINT('',(0.0014732,0.0004318,-0.0014224));
#4356=CARTESIAN_POINT('',(0.0014732,0.0004318,-0.0014224));
#4357=CARTESIAN_POINT('',(0.0014732,0.0004318,-0.0014224));
#4358=CARTESIAN_POINT('',(0.0014732,-0.0004318,-0.0045974));
#4359=CARTESIAN_POINT('',(0.0014732,-0.0004318,-0.0045974));
#4360=CARTESIAN_POINT('',(0.0014732,-0.0004318,-0.0045974));
#4361=CARTESIAN_POINT('',(0.0014732,-0.0004318,-0.0045974));
#4362=CARTESIAN_POINT('',(0.0014732,-0.0004318,-0.0045974));
#4363=CARTESIAN_POINT('',(0.0014732,-0.0004318,-0.0045974));
#4364=CARTESIAN_POINT('',(0.0014732,-0.0005334,-0.004699));
#4365=CARTESIAN_POINT('',(0.0014732,-0.0005334,-0.004699));
#4366=CARTESIAN_POINT('',(0.0014732,-0.0005334,-0.004699));
#4367=CARTESIAN_POINT('',(0.0014732,-0.0005334,-0.004699));
#4368=CARTESIAN_POINT('',(0.0014732,-0.0005334,-0.004699));
#4369=CARTESIAN_POINT('',(0.0014732,-0.0005334,-0.004699));
#4370=CARTESIAN_POINT('',(0.0014732,0.0005334,-0.004699));
#4371=CARTESIAN_POINT('',(0.0014732,-0.0007366,-0.004699));
#4372=CARTESIAN_POINT('',(0.0014732,0.0005334,-0.004699));
#4373=CARTESIAN_POINT('',(0.0014732,-0.0007366,-0.004699));
#4374=CARTESIAN_POINT('',(0.0014732,0.0005334,-0.004699));
#4375=CARTESIAN_POINT('',(0.0014732,-0.0007366,-0.004699));
#4376=CARTESIAN_POINT('',(0.0014732,-0.0008382,-0.0045974));
#4377=CARTESIAN_POINT('',(0.0014732,-0.0008382,-0.0045974));
#4378=CARTESIAN_POINT('',(0.0014732,-0.0008382,-0.0045974));
#4379=CARTESIAN_POINT('',(0.0014732,-0.0008382,-0.0045974));
#4380=CARTESIAN_POINT('',(0.0014732,-0.0008382,-0.0045974));
#4381=CARTESIAN_POINT('',(0.0014732,-0.0008382,-0.0045974));
#4382=CARTESIAN_POINT('',(0.0014732,0.0008382,-0.0045974));
#4383=CARTESIAN_POINT('',(0.0014732,-0.0008382,-0.0005334));
#4384=CARTESIAN_POINT('',(0.,0.,0.));
#4385=MECHANICAL_DESIGN_GEOMETRIC_PRESENTATION_REPRESENTATION('',(#2723,#2724,#2725),#4386);
#4386=(
GEOMETRIC_REPRESENTATION_CONTEXT(3)
GLOBAL_UNCERTAINTY_ASSIGNED_CONTEXT((#4390))
GLOBAL_UNIT_ASSIGNED_CONTEXT((#4396,#4395,#4394))
REPRESENTATION_CONTEXT('SHF-103-01-L-D-SM-K-TR','TOP_LEVEL_ASSEMBLY_PART')
);
#4387=(
GEOMETRIC_REPRESENTATION_CONTEXT(3)
GLOBAL_UNCERTAINTY_ASSIGNED_CONTEXT((#4391))
GLOBAL_UNIT_ASSIGNED_CONTEXT((#4396,#4395,#4394))
REPRESENTATION_CONTEXT('SHF-First_Position_Indicator','COMPONENT_PART')
);
#4388=(
GEOMETRIC_REPRESENTATION_CONTEXT(3)
GLOBAL_UNCERTAINTY_ASSIGNED_CONTEXT((#4392))
GLOBAL_UNIT_ASSIGNED_CONTEXT((#4396,#4395,#4394))
REPRESENTATION_CONTEXT('SHF-103-01-D_header','COMPONENT_PART')
);
#4389=(
GEOMETRIC_REPRESENTATION_CONTEXT(3)
GLOBAL_UNCERTAINTY_ASSIGNED_CONTEXT((#4393))
GLOBAL_UNIT_ASSIGNED_CONTEXT((#4396,#4395,#4394))
REPRESENTATION_CONTEXT('T-1S71-02-03-D-SM','COMPONENT_PART')
);
#4390=UNCERTAINTY_MEASURE_WITH_UNIT(LENGTH_MEASURE(1.E-08),#4396,'DISTANCE_ACCURACY_VALUE','Maximum Tolerance applied to model');
#4391=UNCERTAINTY_MEASURE_WITH_UNIT(LENGTH_MEASURE(1.E-06),#4396,'DISTANCE_ACCURACY_VALUE','Maximum Tolerance applied to model');
#4392=UNCERTAINTY_MEASURE_WITH_UNIT(LENGTH_MEASURE(1.E-06),#4396,'DISTANCE_ACCURACY_VALUE','Maximum Tolerance applied to model');
#4393=UNCERTAINTY_MEASURE_WITH_UNIT(LENGTH_MEASURE(1.E-06),#4396,'DISTANCE_ACCURACY_VALUE','Maximum Tolerance applied to model');
#4394=(
NAMED_UNIT(*)
SI_UNIT($,.STERADIAN.)
SOLID_ANGLE_UNIT()
);
#4395=(
NAMED_UNIT(*)
PLANE_ANGLE_UNIT()
SI_UNIT($,.RADIAN.)
);
#4396=(
LENGTH_UNIT()
NAMED_UNIT(*)
SI_UNIT($,.METRE.)
);
#4397=PRODUCT_DEFINITION_SHAPE('','',#4404);
#4398=PRODUCT_DEFINITION_SHAPE('','',#4405);
#4399=PRODUCT_DEFINITION_SHAPE(' ','NAUO PRDDFN',#50);
#4400=PRODUCT_DEFINITION_SHAPE('','',#4406);
#4401=PRODUCT_DEFINITION_SHAPE(' ','NAUO PRDDFN',#51);
#4402=PRODUCT_DEFINITION_SHAPE('','',#4407);
#4403=PRODUCT_DEFINITION_SHAPE(' ','NAUO PRDDFN',#52);
#4404=PRODUCT_DEFINITION('','',#4412,#4408);
#4405=PRODUCT_DEFINITION('','',#4413,#4409);
#4406=PRODUCT_DEFINITION('','',#4414,#4410);
#4407=PRODUCT_DEFINITION('','',#4415,#4411);
#4408=PRODUCT_DEFINITION_CONTEXT('',#4433,'design');
#4409=PRODUCT_DEFINITION_CONTEXT('',#4433,'design');
#4410=PRODUCT_DEFINITION_CONTEXT('',#4433,'design');
#4411=PRODUCT_DEFINITION_CONTEXT('',#4433,'design');
#4412=PRODUCT_DEFINITION_FORMATION_WITH_SPECIFIED_SOURCE('','',#4420,.NOT_KNOWN.);
#4413=PRODUCT_DEFINITION_FORMATION_WITH_SPECIFIED_SOURCE('','',#4421,.NOT_KNOWN.);
#4414=PRODUCT_DEFINITION_FORMATION_WITH_SPECIFIED_SOURCE('','',#4422,.NOT_KNOWN.);
#4415=PRODUCT_DEFINITION_FORMATION_WITH_SPECIFIED_SOURCE('','',#4423,.NOT_KNOWN.);
#4416=PRODUCT_RELATED_PRODUCT_CATEGORY('','',(#4420));
#4417=PRODUCT_RELATED_PRODUCT_CATEGORY('','',(#4421));
#4418=PRODUCT_RELATED_PRODUCT_CATEGORY('','',(#4422));
#4419=PRODUCT_RELATED_PRODUCT_CATEGORY('','',(#4423));
#4420=PRODUCT('SHF-103-01-L-D-SM-K-TR','SHF-103-01-L-D-SM-K-TR','SHF-103-01-L-D-SM-K-TR',(#4428));
#4421=PRODUCT('SHF-First_Position_Indicator','SHF-First_Position_Indicator','SHF-First_Position_Indicator',(#4429));
#4422=PRODUCT('SHF-103-01-D_header','SHF-103-01-D_header','SHF-103-01-D_header',(#4430));
#4423=PRODUCT('T-1S71-02-03-D-SM','T-1S71-02-03-D-SM','T-1S71-02-03-D-SM',(#4431));
#4424=PRODUCT_CATEGORY('','');
#4425=PRODUCT_CATEGORY('','');
#4426=PRODUCT_CATEGORY('','');
#4427=PRODUCT_CATEGORY('','');
#4428=PRODUCT_CONTEXT('',#4433,'mechanical');
#4429=PRODUCT_CONTEXT('',#4433,'mechanical');
#4430=PRODUCT_CONTEXT('',#4433,'mechanical');
#4431=PRODUCT_CONTEXT('',#4433,'mechanical');
#4432=APPLICATION_PROTOCOL_DEFINITION('international standard','ap242_managed_model_based_3d_engineering',2020,#4433);
#4433=APPLICATION_CONTEXT('managed model based 3d engineering');
ENDSEC;
END-ISO-10303-21;
